0 verbose cli /usr/bin/node /usr/bin/npm
1 info using npm@10.8.2
2 info using node@v20.20.2
3 silly config load:file:/usr/lib/node_modules/npm/npmrc
4 silly config load:file:/home/user/.npmrc
5 silly config load:file:/usr/etc/npmrc
6 verbose title npm install
7 verbose argv "install"
8 verbose logfile logs-max:10 dir:/home/user/.npm/_logs/2026-07-27T18_18_44_949Z-
9 verbose logfile /home/user/.npm/_logs/2026-07-27T18_18_44_949Z-debug-0.log
10 silly packumentCache heap:998768640 maxSize:249692160 maxEntrySize:124846080
11 silly logfile done cleaning log files
12 silly idealTree buildDeps
13 silly fetch manifest react@^18.2.0
14 silly packumentCache full:https://registry.npmjs.org/react cache-miss
15 http fetch GET 200 https://registry.npmjs.org/npm 171ms
16 http fetch GET 200 https://registry.npmjs.org/react 222ms (cache miss)
17 silly packumentCache full:https://registry.npmjs.org/react set size:undefined disposed:false
18 silly fetch manifest react-dom@^18.2.0
19 silly packumentCache full:https://registry.npmjs.org/react-dom cache-miss
20 http fetch GET 200 https://registry.npmjs.org/react-dom 185ms (cache miss)
21 silly packumentCache full:https://registry.npmjs.org/react-dom set size:undefined disposed:false
22 silly fetch manifest lucide-react@^0.263.1
23 silly packumentCache full:https://registry.npmjs.org/lucide-react cache-miss
24 http fetch GET 200 https://registry.npmjs.org/lucide-react 84ms (cache miss)
25 silly packumentCache full:https://registry.npmjs.org/lucide-react set size:undefined disposed:false
26 silly fetch manifest @types/react@^18.2.15
27 silly packumentCache full:https://registry.npmjs.org/@types%2freact cache-miss
28 http fetch GET 200 https://registry.npmjs.org/@types%2freact 89ms (cache miss)
29 silly packumentCache full:https://registry.npmjs.org/@types%2freact set size:undefined disposed:false
30 silly fetch manifest @types/react-dom@^18.2.7
31 silly packumentCache full:https://registry.npmjs.org/@types%2freact-dom cache-miss
32 http fetch GET 200 https://registry.npmjs.org/@types%2freact-dom 53ms (cache miss)
33 silly packumentCache full:https://registry.npmjs.org/@types%2freact-dom set size:undefined disposed:false
34 silly fetch manifest @vitejs/plugin-react@^4.0.3
35 silly packumentCache full:https://registry.npmjs.org/@vitejs%2fplugin-react cache-miss
36 http fetch GET 200 https://registry.npmjs.org/@vitejs%2fplugin-react 45ms (cache miss)
37 silly packumentCache full:https://registry.npmjs.org/@vitejs%2fplugin-react set size:undefined disposed:false
38 silly fetch manifest vite@^4.4.5
39 silly packumentCache full:https://registry.npmjs.org/vite cache-miss
40 http fetch GET 200 https://registry.npmjs.org/vite 1245ms (cache miss)
41 silly packumentCache full:https://registry.npmjs.org/vite set size:undefined disposed:false
42 silly fetch manifest @types/node@>= 14
43 silly packumentCache full:https://registry.npmjs.org/@types%2fnode cache-miss
44 http fetch GET 200 https://registry.npmjs.org/@types%2fnode 188ms (cache miss)
45 silly packumentCache full:https://registry.npmjs.org/@types%2fnode set size:undefined disposed:false
46 silly fetch manifest less@*
47 silly packumentCache full:https://registry.npmjs.org/less cache-miss
48 http fetch GET 200 https://registry.npmjs.org/less 46ms (cache miss)
49 silly packumentCache full:https://registry.npmjs.org/less set size:undefined disposed:false
50 silly fetch manifest lightningcss@^1.21.0
51 silly packumentCache full:https://registry.npmjs.org/lightningcss cache-miss
52 http fetch GET 200 https://registry.npmjs.org/lightningcss 27ms (cache miss)
53 silly packumentCache full:https://registry.npmjs.org/lightningcss set size:undefined disposed:false
54 silly fetch manifest sass@*
55 silly packumentCache full:https://registry.npmjs.org/sass cache-miss
56 http fetch GET 200 https://registry.npmjs.org/sass 58ms (cache miss)
57 silly packumentCache full:https://registry.npmjs.org/sass set size:undefined disposed:false
58 silly fetch manifest stylus@*
59 silly packumentCache full:https://registry.npmjs.org/stylus cache-miss
60 http fetch GET 200 https://registry.npmjs.org/stylus 35ms (cache miss)
61 silly packumentCache full:https://registry.npmjs.org/stylus set size:undefined disposed:false
62 silly fetch manifest sugarss@*
63 silly packumentCache full:https://registry.npmjs.org/sugarss cache-miss
64 http fetch GET 200 https://registry.npmjs.org/sugarss 37ms (cache miss)
65 silly packumentCache full:https://registry.npmjs.org/sugarss set size:undefined disposed:false
66 silly fetch manifest postcss@^8.3.3
67 silly packumentCache full:https://registry.npmjs.org/postcss cache-miss
68 http fetch GET 200 https://registry.npmjs.org/postcss 49ms (cache miss)
69 silly packumentCache full:https://registry.npmjs.org/postcss set size:undefined disposed:false
70 silly fetch manifest terser@^5.4.0
71 silly packumentCache full:https://registry.npmjs.org/terser cache-miss
72 http fetch GET 200 https://registry.npmjs.org/terser 58ms (cache miss)
73 silly packumentCache full:https://registry.npmjs.org/terser set size:undefined disposed:false
74 silly fetch manifest eslint@^8.45.0
75 silly packumentCache full:https://registry.npmjs.org/eslint cache-miss
76 http fetch GET 200 https://registry.npmjs.org/eslint 70ms (cache miss)
77 silly packumentCache full:https://registry.npmjs.org/eslint set size:undefined disposed:false
78 silly fetch manifest eslint-plugin-react@^7.32.2
79 silly packumentCache full:https://registry.npmjs.org/eslint-plugin-react cache-miss
80 http fetch GET 200 https://registry.npmjs.org/eslint-plugin-react 54ms (cache miss)
81 silly packumentCache full:https://registry.npmjs.org/eslint-plugin-react set size:undefined disposed:false
82 silly fetch manifest eslint-plugin-react-hooks@^4.6.0
83 silly packumentCache full:https://registry.npmjs.org/eslint-plugin-react-hooks cache-miss
84 http fetch GET 200 https://registry.npmjs.org/eslint-plugin-react-hooks 153ms (cache miss)
85 silly packumentCache full:https://registry.npmjs.org/eslint-plugin-react-hooks set size:undefined disposed:false
86 silly placeDep ROOT @types/react@18.3.31 OK for: wird-user-testing@0.1.0 want: ^18.2.15
87 silly placeDep ROOT @types/react-dom@18.3.7 OK for: wird-user-testing@0.1.0 want: ^18.2.7
88 silly placeDep ROOT @vitejs/plugin-react@4.7.0 OK for: wird-user-testing@0.1.0 want: ^4.0.3
89 silly placeDep ROOT vite@4.5.14 OK for: @vitejs/plugin-react@4.7.0 want: ^4.2.0 || ^5.0.0 || ^6.0.0 || ^7.0.0
90 silly placeDep ROOT eslint@8.57.1 OK for: wird-user-testing@0.1.0 want: ^8.45.0
91 silly placeDep ROOT eslint-plugin-react@7.37.5 OK for: wird-user-testing@0.1.0 want: ^7.32.2
92 silly placeDep ROOT eslint-plugin-react-hooks@4.6.2 OK for: wird-user-testing@0.1.0 want: ^4.6.0
93 silly placeDep ROOT lucide-react@0.263.1 OK for: wird-user-testing@0.1.0 want: ^0.263.1
94 silly placeDep ROOT react@18.3.1 OK for: lucide-react@0.263.1 want: ^16.5.1 || ^17.0.0 || ^18.0.0
95 silly placeDep ROOT react-dom@18.3.1 OK for: wird-user-testing@0.1.0 want: ^18.2.0
96 silly fetch manifest csstype@^3.2.2
97 silly packumentCache full:https://registry.npmjs.org/csstype cache-miss
98 http fetch GET 200 https://registry.npmjs.org/csstype 42ms (cache miss)
99 silly packumentCache full:https://registry.npmjs.org/csstype set size:undefined disposed:false
100 silly fetch manifest @types/prop-types@*
101 silly packumentCache full:https://registry.npmjs.org/@types%2fprop-types cache-miss
102 http fetch GET 200 https://registry.npmjs.org/@types%2fprop-types 30ms (cache miss)
103 silly packumentCache full:https://registry.npmjs.org/@types%2fprop-types set size:undefined disposed:false
104 silly fetch manifest @babel/core@^7.28.0
105 silly packumentCache full:https://registry.npmjs.org/@babel%2fcore cache-miss
106 http fetch GET 200 https://registry.npmjs.org/@babel%2fcore 70ms (cache miss)
107 silly packumentCache full:https://registry.npmjs.org/@babel%2fcore set size:undefined disposed:false
108 silly fetch manifest react-refresh@^0.17.0
109 silly packumentCache full:https://registry.npmjs.org/react-refresh cache-miss
110 http fetch GET 200 https://registry.npmjs.org/react-refresh 140ms (cache miss)
111 silly packumentCache full:https://registry.npmjs.org/react-refresh set size:undefined disposed:false
112 silly fetch manifest @types/babel__core@^7.20.5
113 silly packumentCache full:https://registry.npmjs.org/@types%2fbabel__core cache-miss
114 http fetch GET 200 https://registry.npmjs.org/@types%2fbabel__core 45ms (cache miss)
115 silly packumentCache full:https://registry.npmjs.org/@types%2fbabel__core set size:undefined disposed:false
116 silly fetch manifest @rolldown/pluginutils@1.0.0-beta.27
117 silly packumentCache full:https://registry.npmjs.org/@rolldown%2fpluginutils cache-miss
118 http fetch GET 200 https://registry.npmjs.org/@rolldown%2fpluginutils 36ms (cache miss)
119 silly packumentCache full:https://registry.npmjs.org/@rolldown%2fpluginutils set size:undefined disposed:false
120 silly fetch manifest @babel/plugin-transform-react-jsx-self@^7.27.1
121 silly packumentCache full:https://registry.npmjs.org/@babel%2fplugin-transform-react-jsx-self cache-miss
122 http fetch GET 200 https://registry.npmjs.org/@babel%2fplugin-transform-react-jsx-self 59ms (cache miss)
123 silly packumentCache full:https://registry.npmjs.org/@babel%2fplugin-transform-react-jsx-self set size:undefined disposed:false
124 silly fetch manifest @babel/plugin-transform-react-jsx-source@^7.27.1
125 silly packumentCache full:https://registry.npmjs.org/@babel%2fplugin-transform-react-jsx-source cache-miss
126 http fetch GET 200 https://registry.npmjs.org/@babel%2fplugin-transform-react-jsx-source 32ms (cache miss)
127 silly packumentCache full:https://registry.npmjs.org/@babel%2fplugin-transform-react-jsx-source set size:undefined disposed:false
128 silly fetch manifest rollup@^3.27.1
129 silly packumentCache full:https://registry.npmjs.org/rollup cache-miss
130 http fetch GET 200 https://registry.npmjs.org/rollup 160ms (cache miss)
131 silly packumentCache full:https://registry.npmjs.org/rollup set size:undefined disposed:false
132 silly fetch manifest esbuild@^0.18.10
133 silly packumentCache full:https://registry.npmjs.org/esbuild cache-miss
134 http fetch GET 200 https://registry.npmjs.org/esbuild 70ms (cache miss)
135 silly packumentCache full:https://registry.npmjs.org/esbuild set size:undefined disposed:false
136 silly fetch manifest postcss@^8.4.27
137 silly packumentCache full:https://registry.npmjs.org/postcss cache-miss
138 http fetch GET 200 https://registry.npmjs.org/postcss 8ms (cache hit)
139 silly packumentCache full:https://registry.npmjs.org/postcss set size:749954 disposed:false
140 silly fetch manifest fsevents@~2.3.2
141 silly packumentCache full:https://registry.npmjs.org/fsevents cache-miss
142 http fetch GET 200 https://registry.npmjs.org/fsevents 43ms (cache miss)
143 silly packumentCache full:https://registry.npmjs.org/fsevents set size:undefined disposed:false
144 silly fetch manifest ajv@^6.12.4
145 silly packumentCache full:https://registry.npmjs.org/ajv cache-miss
146 http fetch GET 200 https://registry.npmjs.org/ajv 44ms (cache miss)
147 silly packumentCache full:https://registry.npmjs.org/ajv set size:undefined disposed:false
148 silly fetch manifest levn@^0.4.1
149 silly packumentCache full:https://registry.npmjs.org/levn cache-miss
150 http fetch GET 200 https://registry.npmjs.org/levn 35ms (cache miss)
151 silly packumentCache full:https://registry.npmjs.org/levn set size:undefined disposed:false
152 silly fetch manifest chalk@^4.0.0
153 silly packumentCache full:https://registry.npmjs.org/chalk cache-miss
154 http fetch GET 200 https://registry.npmjs.org/chalk 35ms (cache miss)
155 silly packumentCache full:https://registry.npmjs.org/chalk set size:undefined disposed:false
156 silly fetch manifest debug@^4.3.2
157 silly packumentCache full:https://registry.npmjs.org/debug cache-miss
158 http fetch GET 200 https://registry.npmjs.org/debug 57ms (cache miss)
159 silly packumentCache full:https://registry.npmjs.org/debug set size:undefined disposed:false
160 silly fetch manifest espree@^9.6.1
161 silly packumentCache full:https://registry.npmjs.org/espree cache-miss
162 http fetch GET 200 https://registry.npmjs.org/espree 28ms (cache miss)
163 silly packumentCache full:https://registry.npmjs.org/espree set size:undefined disposed:false
164 silly fetch manifest ignore@^5.2.0
165 silly packumentCache full:https://registry.npmjs.org/ignore cache-miss
166 http fetch GET 200 https://registry.npmjs.org/ignore 48ms (cache miss)
167 silly packumentCache full:https://registry.npmjs.org/ignore set size:undefined disposed:false
168 silly fetch manifest esquery@^1.4.2
169 silly packumentCache full:https://registry.npmjs.org/esquery cache-miss
170 http fetch GET 200 https://registry.npmjs.org/esquery 25ms (cache miss)
171 silly packumentCache full:https://registry.npmjs.org/esquery set size:undefined disposed:false
172 silly fetch manifest esutils@^2.0.2
173 silly packumentCache full:https://registry.npmjs.org/esutils cache-miss
174 http fetch GET 200 https://registry.npmjs.org/esutils 29ms (cache miss)
175 silly packumentCache full:https://registry.npmjs.org/esutils set size:undefined disposed:false
176 silly fetch manifest find-up@^5.0.0
177 silly packumentCache full:https://registry.npmjs.org/find-up cache-miss
178 http fetch GET 200 https://registry.npmjs.org/find-up 21ms (cache miss)
179 silly packumentCache full:https://registry.npmjs.org/find-up set size:undefined disposed:false
180 silly fetch manifest globals@^13.19.0
181 silly packumentCache full:https://registry.npmjs.org/globals cache-miss
182 http fetch GET 200 https://registry.npmjs.org/globals 40ms (cache miss)
183 silly packumentCache full:https://registry.npmjs.org/globals set size:undefined disposed:false
184 silly fetch manifest is-glob@^4.0.0
185 silly packumentCache full:https://registry.npmjs.org/is-glob cache-miss
186 http fetch GET 200 https://registry.npmjs.org/is-glob 22ms (cache miss)
187 silly packumentCache full:https://registry.npmjs.org/is-glob set size:undefined disposed:false
188 silly fetch manifest js-yaml@^4.1.0
189 silly packumentCache full:https://registry.npmjs.org/js-yaml cache-miss
190 http fetch GET 200 https://registry.npmjs.org/js-yaml 34ms (cache miss)
191 silly packumentCache full:https://registry.npmjs.org/js-yaml set size:undefined disposed:false
192 silly fetch manifest doctrine@^3.0.0
193 silly packumentCache full:https://registry.npmjs.org/doctrine cache-miss
194 http fetch GET 200 https://registry.npmjs.org/doctrine 23ms (cache miss)
195 silly packumentCache full:https://registry.npmjs.org/doctrine set size:undefined disposed:false
196 silly fetch manifest graphemer@^1.4.0
197 silly packumentCache full:https://registry.npmjs.org/graphemer cache-miss
198 http fetch GET 200 https://registry.npmjs.org/graphemer 27ms (cache miss)
199 silly packumentCache full:https://registry.npmjs.org/graphemer set size:undefined disposed:false
200 silly fetch manifest minimatch@^3.1.2
201 silly packumentCache full:https://registry.npmjs.org/minimatch cache-miss
202 http fetch GET 200 https://registry.npmjs.org/minimatch 32ms (cache miss)
203 silly packumentCache full:https://registry.npmjs.org/minimatch set size:undefined disposed:false
204 silly fetch manifest @eslint/js@8.57.1
205 silly packumentCache full:https://registry.npmjs.org/@eslint%2fjs cache-miss
206 http fetch GET 200 https://registry.npmjs.org/@eslint%2fjs 49ms (cache miss)
207 silly packumentCache full:https://registry.npmjs.org/@eslint%2fjs set size:undefined disposed:false
208 silly fetch manifest optionator@^0.9.3
209 silly packumentCache full:https://registry.npmjs.org/optionator cache-miss
210 http fetch GET 200 https://registry.npmjs.org/optionator 21ms (cache miss)
211 silly packumentCache full:https://registry.npmjs.org/optionator set size:undefined disposed:false
212 silly fetch manifest strip-ansi@^6.0.1
213 silly packumentCache full:https://registry.npmjs.org/strip-ansi cache-miss
214 http fetch GET 200 https://registry.npmjs.org/strip-ansi 32ms (cache miss)
215 silly packumentCache full:https://registry.npmjs.org/strip-ansi set size:undefined disposed:false
216 silly fetch manifest text-table@^0.2.0
217 silly packumentCache full:https://registry.npmjs.org/text-table cache-miss
218 http fetch GET 200 https://registry.npmjs.org/text-table 22ms (cache miss)
219 silly packumentCache full:https://registry.npmjs.org/text-table set size:undefined disposed:false
220 silly fetch manifest cross-spawn@^7.0.2
221 silly packumentCache full:https://registry.npmjs.org/cross-spawn cache-miss
222 http fetch GET 200 https://registry.npmjs.org/cross-spawn 31ms (cache miss)
223 silly packumentCache full:https://registry.npmjs.org/cross-spawn set size:undefined disposed:false
224 silly fetch manifest glob-parent@^6.0.2
225 silly packumentCache full:https://registry.npmjs.org/glob-parent cache-miss
226 http fetch GET 200 https://registry.npmjs.org/glob-parent 22ms (cache miss)
227 silly packumentCache full:https://registry.npmjs.org/glob-parent set size:undefined disposed:false
228 silly fetch manifest imurmurhash@^0.1.4
229 silly packumentCache full:https://registry.npmjs.org/imurmurhash cache-miss
230 http fetch GET 200 https://registry.npmjs.org/imurmurhash 33ms (cache miss)
231 silly packumentCache full:https://registry.npmjs.org/imurmurhash set size:undefined disposed:false
232 silly fetch manifest eslint-scope@^7.2.2
233 silly packumentCache full:https://registry.npmjs.org/eslint-scope cache-miss
234 http fetch GET 200 https://registry.npmjs.org/eslint-scope 24ms (cache miss)
235 silly packumentCache full:https://registry.npmjs.org/eslint-scope set size:undefined disposed:false
236 silly fetch manifest lodash.merge@^4.6.2
237 silly packumentCache full:https://registry.npmjs.org/lodash.merge cache-miss
238 http fetch GET 200 https://registry.npmjs.org/lodash.merge 28ms (cache miss)
239 silly packumentCache full:https://registry.npmjs.org/lodash.merge set size:undefined disposed:false
240 silly fetch manifest is-path-inside@^3.0.3
241 silly packumentCache full:https://registry.npmjs.org/is-path-inside cache-miss
242 http fetch GET 200 https://registry.npmjs.org/is-path-inside 22ms (cache miss)
243 silly packumentCache full:https://registry.npmjs.org/is-path-inside set size:undefined disposed:false
244 silly fetch manifest fast-deep-equal@^3.1.3
245 silly packumentCache full:https://registry.npmjs.org/fast-deep-equal cache-miss
246 http fetch GET 200 https://registry.npmjs.org/fast-deep-equal 45ms (cache miss)
247 silly packumentCache full:https://registry.npmjs.org/fast-deep-equal set size:undefined disposed:false
248 silly fetch manifest natural-compare@^1.4.0
249 silly packumentCache full:https://registry.npmjs.org/natural-compare cache-miss
250 http fetch GET 200 https://registry.npmjs.org/natural-compare 21ms (cache miss)
251 silly packumentCache full:https://registry.npmjs.org/natural-compare set size:undefined disposed:false
252 silly fetch manifest @eslint/eslintrc@^2.1.4
253 silly packumentCache full:https://registry.npmjs.org/@eslint%2feslintrc cache-miss
254 http fetch GET 200 https://registry.npmjs.org/@eslint%2feslintrc 724ms (cache miss)
255 silly packumentCache full:https://registry.npmjs.org/@eslint%2feslintrc set size:undefined disposed:false
256 silly fetch manifest @nodelib/fs.walk@^1.2.8
257 silly packumentCache full:https://registry.npmjs.org/@nodelib%2ffs.walk cache-miss
258 http fetch GET 200 https://registry.npmjs.org/@nodelib%2ffs.walk 31ms (cache miss)
259 silly packumentCache full:https://registry.npmjs.org/@nodelib%2ffs.walk set size:undefined disposed:false
260 silly fetch manifest file-entry-cache@^6.0.1
261 silly packumentCache full:https://registry.npmjs.org/file-entry-cache cache-miss
262 http fetch GET 200 https://registry.npmjs.org/file-entry-cache 32ms (cache miss)
263 silly packumentCache full:https://registry.npmjs.org/file-entry-cache set size:undefined disposed:false
264 silly fetch manifest eslint-visitor-keys@^3.4.3
265 silly packumentCache full:https://registry.npmjs.org/eslint-visitor-keys cache-miss
266 http fetch GET 200 https://registry.npmjs.org/eslint-visitor-keys 22ms (cache miss)
267 silly packumentCache full:https://registry.npmjs.org/eslint-visitor-keys set size:undefined disposed:false
268 silly fetch manifest escape-string-regexp@^4.0.0
269 silly packumentCache full:https://registry.npmjs.org/escape-string-regexp cache-miss
270 http fetch GET 200 https://registry.npmjs.org/escape-string-regexp 27ms (cache miss)
271 silly packumentCache full:https://registry.npmjs.org/escape-string-regexp set size:undefined disposed:false
272 silly fetch manifest @ungap/structured-clone@^1.2.0
273 silly packumentCache full:https://registry.npmjs.org/@ungap%2fstructured-clone cache-miss
274 http fetch GET 200 https://registry.npmjs.org/@ungap%2fstructured-clone 32ms (cache miss)
275 silly packumentCache full:https://registry.npmjs.org/@ungap%2fstructured-clone set size:undefined disposed:false
276 silly fetch manifest @eslint-community/regexpp@^4.6.1
277 silly packumentCache full:https://registry.npmjs.org/@eslint-community%2fregexpp cache-miss
278 http fetch GET 200 https://registry.npmjs.org/@eslint-community%2fregexpp 40ms (cache miss)
279 silly packumentCache full:https://registry.npmjs.org/@eslint-community%2fregexpp set size:undefined disposed:false
280 silly fetch manifest @humanwhocodes/config-array@^0.13.0
281 silly packumentCache full:https://registry.npmjs.org/@humanwhocodes%2fconfig-array cache-miss
282 http fetch GET 200 https://registry.npmjs.org/@humanwhocodes%2fconfig-array 36ms (cache miss)
283 silly packumentCache full:https://registry.npmjs.org/@humanwhocodes%2fconfig-array set size:undefined disposed:false
284 silly fetch manifest @eslint-community/eslint-utils@^4.2.0
285 silly packumentCache full:https://registry.npmjs.org/@eslint-community%2feslint-utils cache-miss
286 http fetch GET 200 https://registry.npmjs.org/@eslint-community%2feslint-utils 80ms (cache miss)
287 silly packumentCache full:https://registry.npmjs.org/@eslint-community%2feslint-utils set size:undefined disposed:false
288 silly fetch manifest @humanwhocodes/module-importer@^1.0.1
289 silly packumentCache full:https://registry.npmjs.org/@humanwhocodes%2fmodule-importer cache-miss
290 http fetch GET 200 https://registry.npmjs.org/@humanwhocodes%2fmodule-importer 31ms (cache miss)
291 silly packumentCache full:https://registry.npmjs.org/@humanwhocodes%2fmodule-importer set size:undefined disposed:false
292 silly fetch manifest json-stable-stringify-without-jsonify@^1.0.1
293 silly packumentCache full:https://registry.npmjs.org/json-stable-stringify-without-jsonify cache-miss
294 http fetch GET 200 https://registry.npmjs.org/json-stable-stringify-without-jsonify 29ms (cache miss)
295 silly packumentCache full:https://registry.npmjs.org/json-stable-stringify-without-jsonify set size:undefined disposed:false
296 silly fetch manifest array-includes@^3.1.8
297 silly packumentCache full:https://registry.npmjs.org/array-includes cache-miss
298 http fetch GET 200 https://registry.npmjs.org/array-includes 26ms (cache miss)
299 silly packumentCache full:https://registry.npmjs.org/array-includes set size:undefined disposed:false
300 silly fetch manifest array.prototype.findlast@^1.2.5
301 silly packumentCache full:https://registry.npmjs.org/array.prototype.findlast cache-miss
302 http fetch GET 200 https://registry.npmjs.org/array.prototype.findlast 29ms (cache miss)
303 silly packumentCache full:https://registry.npmjs.org/array.prototype.findlast set size:undefined disposed:false
304 silly fetch manifest array.prototype.flatmap@^1.3.3
305 silly packumentCache full:https://registry.npmjs.org/array.prototype.flatmap cache-miss
306 http fetch GET 200 https://registry.npmjs.org/array.prototype.flatmap 22ms (cache miss)
307 silly packumentCache full:https://registry.npmjs.org/array.prototype.flatmap set size:undefined disposed:false
308 silly fetch manifest array.prototype.tosorted@^1.1.4
309 silly packumentCache full:https://registry.npmjs.org/array.prototype.tosorted cache-miss
310 http fetch GET 200 https://registry.npmjs.org/array.prototype.tosorted 34ms (cache miss)
311 silly packumentCache full:https://registry.npmjs.org/array.prototype.tosorted set size:undefined disposed:false
312 silly fetch manifest doctrine@^2.1.0
313 silly packumentCache full:https://registry.npmjs.org/doctrine cache-miss
314 http fetch GET 200 https://registry.npmjs.org/doctrine 3ms (cache hit)
315 silly packumentCache full:https://registry.npmjs.org/doctrine set size:64052 disposed:false
316 silly fetch manifest es-iterator-helpers@^1.2.1
317 silly packumentCache full:https://registry.npmjs.org/es-iterator-helpers cache-miss
318 http fetch GET 200 https://registry.npmjs.org/es-iterator-helpers 44ms (cache miss)
319 silly packumentCache full:https://registry.npmjs.org/es-iterator-helpers set size:undefined disposed:false
320 silly fetch manifest estraverse@^5.3.0
321 silly packumentCache full:https://registry.npmjs.org/estraverse cache-miss
322 http fetch GET 200 https://registry.npmjs.org/estraverse 30ms (cache miss)
323 silly packumentCache full:https://registry.npmjs.org/estraverse set size:undefined disposed:false
324 silly fetch manifest hasown@^2.0.2
325 silly packumentCache full:https://registry.npmjs.org/hasown cache-miss
326 http fetch GET 200 https://registry.npmjs.org/hasown 18ms (cache miss)
327 silly packumentCache full:https://registry.npmjs.org/hasown set size:undefined disposed:false
328 silly fetch manifest jsx-ast-utils@^2.4.1 || ^3.0.0
329 silly packumentCache full:https://registry.npmjs.org/jsx-ast-utils cache-miss
330 http fetch GET 200 https://registry.npmjs.org/jsx-ast-utils 47ms (cache miss)
331 silly packumentCache full:https://registry.npmjs.org/jsx-ast-utils set size:undefined disposed:false
332 silly fetch manifest object.entries@^1.1.9
333 silly packumentCache full:https://registry.npmjs.org/object.entries cache-miss
334 http fetch GET 200 https://registry.npmjs.org/object.entries 32ms (cache miss)
335 silly packumentCache full:https://registry.npmjs.org/object.entries set size:undefined disposed:false
336 silly fetch manifest object.fromentries@^2.0.8
337 silly packumentCache full:https://registry.npmjs.org/object.fromentries cache-miss
338 http fetch GET 200 https://registry.npmjs.org/object.fromentries 34ms (cache miss)
339 silly packumentCache full:https://registry.npmjs.org/object.fromentries set size:undefined disposed:false
340 silly fetch manifest object.values@^1.2.1
341 silly packumentCache full:https://registry.npmjs.org/object.values cache-miss
342 http fetch GET 200 https://registry.npmjs.org/object.values 25ms (cache miss)
343 silly packumentCache full:https://registry.npmjs.org/object.values set size:undefined disposed:false
344 silly fetch manifest prop-types@^15.8.1
345 silly packumentCache full:https://registry.npmjs.org/prop-types cache-miss
346 http fetch GET 200 https://registry.npmjs.org/prop-types 30ms (cache miss)
347 silly packumentCache full:https://registry.npmjs.org/prop-types set size:undefined disposed:false
348 silly fetch manifest resolve@^2.0.0-next.5
349 silly packumentCache full:https://registry.npmjs.org/resolve cache-miss
350 http fetch GET 200 https://registry.npmjs.org/resolve 26ms (cache miss)
351 silly packumentCache full:https://registry.npmjs.org/resolve set size:undefined disposed:false
352 silly fetch manifest semver@^6.3.1
353 silly packumentCache full:https://registry.npmjs.org/semver cache-miss
354 http fetch GET 200 https://registry.npmjs.org/semver 37ms (cache miss)
355 silly packumentCache full:https://registry.npmjs.org/semver set size:undefined disposed:false
356 silly fetch manifest string.prototype.matchall@^4.0.12
357 silly packumentCache full:https://registry.npmjs.org/string.prototype.matchall cache-miss
358 http fetch GET 200 https://registry.npmjs.org/string.prototype.matchall 24ms (cache miss)
359 silly packumentCache full:https://registry.npmjs.org/string.prototype.matchall set size:undefined disposed:false
360 silly fetch manifest string.prototype.repeat@^1.0.0
361 silly packumentCache full:https://registry.npmjs.org/string.prototype.repeat cache-miss
362 http fetch GET 200 https://registry.npmjs.org/string.prototype.repeat 87ms (cache miss)
363 silly packumentCache full:https://registry.npmjs.org/string.prototype.repeat set size:undefined disposed:false
364 silly fetch manifest loose-envify@^1.1.0
365 silly packumentCache full:https://registry.npmjs.org/loose-envify cache-miss
366 http fetch GET 200 https://registry.npmjs.org/loose-envify 24ms (cache miss)
367 silly packumentCache full:https://registry.npmjs.org/loose-envify set size:undefined disposed:false
368 silly fetch manifest scheduler@^0.23.2
369 silly packumentCache full:https://registry.npmjs.org/scheduler cache-miss
370 http fetch GET 200 https://registry.npmjs.org/scheduler 192ms (cache miss)
371 silly packumentCache full:https://registry.npmjs.org/scheduler set size:undefined disposed:false
372 silly placeDep ROOT @types/prop-types@15.7.15 OK for: @types/react@18.3.31 want: *
373 silly placeDep ROOT csstype@3.2.3 OK for: @types/react@18.3.31 want: ^3.2.2
374 silly placeDep ROOT @babel/core@7.29.7 OK for: @vitejs/plugin-react@4.7.0 want: ^7.28.0
375 silly placeDep ROOT @babel/plugin-transform-react-jsx-self@7.29.7 OK for: @vitejs/plugin-react@4.7.0 want: ^7.27.1
376 silly placeDep ROOT @babel/plugin-transform-react-jsx-source@7.29.7 OK for: @vitejs/plugin-react@4.7.0 want: ^7.27.1
377 silly placeDep ROOT @rolldown/pluginutils@1.0.0-beta.27 OK for: @vitejs/plugin-react@4.7.0 want: 1.0.0-beta.27
378 silly placeDep ROOT @types/babel__core@7.20.5 OK for: @vitejs/plugin-react@4.7.0 want: ^7.20.5
379 silly placeDep ROOT react-refresh@0.17.0 OK for: @vitejs/plugin-react@4.7.0 want: ^0.17.0
380 silly fetch manifest debug@^4.1.0
381 silly packumentCache full:https://registry.npmjs.org/debug cache-miss
382 http fetch GET 200 https://registry.npmjs.org/debug 10ms (cache hit)
383 silly packumentCache full:https://registry.npmjs.org/debug set size:195840 disposed:false
384 silly fetch manifest json5@^2.2.3
385 silly packumentCache full:https://registry.npmjs.org/json5 cache-miss
386 http fetch GET 200 https://registry.npmjs.org/json5 23ms (cache miss)
387 silly packumentCache full:https://registry.npmjs.org/json5 set size:undefined disposed:false
388 silly fetch manifest gensync@^1.0.0-beta.2
389 silly packumentCache full:https://registry.npmjs.org/gensync cache-miss
390 http fetch GET 200 https://registry.npmjs.org/gensync 27ms (cache miss)
391 silly packumentCache full:https://registry.npmjs.org/gensync set size:undefined disposed:false
392 silly fetch manifest @babel/types@^7.29.7
393 silly packumentCache full:https://registry.npmjs.org/@babel%2ftypes cache-miss
394 http fetch GET 200 https://registry.npmjs.org/@babel%2ftypes 37ms (cache miss)
395 silly packumentCache full:https://registry.npmjs.org/@babel%2ftypes set size:undefined disposed:false
396 silly fetch manifest @babel/parser@^7.29.7
397 silly packumentCache full:https://registry.npmjs.org/@babel%2fparser cache-miss
398 http fetch GET 200 https://registry.npmjs.org/@babel%2fparser 51ms (cache miss)
399 silly packumentCache full:https://registry.npmjs.org/@babel%2fparser set size:undefined disposed:false
400 silly fetch manifest @babel/helpers@^7.29.7
401 silly packumentCache full:https://registry.npmjs.org/@babel%2fhelpers cache-miss
402 http fetch GET 200 https://registry.npmjs.org/@babel%2fhelpers 44ms (cache miss)
403 silly packumentCache full:https://registry.npmjs.org/@babel%2fhelpers set size:undefined disposed:false
404 silly fetch manifest @babel/template@^7.29.7
405 silly packumentCache full:https://registry.npmjs.org/@babel%2ftemplate cache-miss
406 http fetch GET 200 https://registry.npmjs.org/@babel%2ftemplate 41ms (cache miss)
407 silly packumentCache full:https://registry.npmjs.org/@babel%2ftemplate set size:undefined disposed:false
408 silly fetch manifest @babel/traverse@^7.29.7
409 silly packumentCache full:https://registry.npmjs.org/@babel%2ftraverse cache-miss
410 http fetch GET 200 https://registry.npmjs.org/@babel%2ftraverse 42ms (cache miss)
411 silly packumentCache full:https://registry.npmjs.org/@babel%2ftraverse set size:undefined disposed:false
412 silly fetch manifest @babel/generator@^7.29.7
413 silly packumentCache full:https://registry.npmjs.org/@babel%2fgenerator cache-miss
414 http fetch GET 200 https://registry.npmjs.org/@babel%2fgenerator 49ms (cache miss)
415 silly packumentCache full:https://registry.npmjs.org/@babel%2fgenerator set size:undefined disposed:false
416 silly fetch manifest @babel/code-frame@^7.29.7
417 silly packumentCache full:https://registry.npmjs.org/@babel%2fcode-frame cache-miss
418 http fetch GET 200 https://registry.npmjs.org/@babel%2fcode-frame 32ms (cache miss)
419 silly packumentCache full:https://registry.npmjs.org/@babel%2fcode-frame set size:undefined disposed:false
420 silly fetch manifest convert-source-map@^2.0.0
421 silly packumentCache full:https://registry.npmjs.org/convert-source-map cache-miss
422 http fetch GET 200 https://registry.npmjs.org/convert-source-map 32ms (cache miss)
423 silly packumentCache full:https://registry.npmjs.org/convert-source-map set size:undefined disposed:false
424 silly fetch manifest @jridgewell/remapping@^2.3.5
425 silly packumentCache full:https://registry.npmjs.org/@jridgewell%2fremapping cache-miss
426 http fetch GET 200 https://registry.npmjs.org/@jridgewell%2fremapping 31ms (cache miss)
427 silly packumentCache full:https://registry.npmjs.org/@jridgewell%2fremapping set size:undefined disposed:false
428 silly fetch manifest @babel/helper-module-transforms@^7.29.7
429 silly packumentCache full:https://registry.npmjs.org/@babel%2fhelper-module-transforms cache-miss
430 http fetch GET 200 https://registry.npmjs.org/@babel%2fhelper-module-transforms 47ms (cache miss)
431 silly packumentCache full:https://registry.npmjs.org/@babel%2fhelper-module-transforms set size:undefined disposed:false
432 silly fetch manifest @babel/helper-compilation-targets@^7.29.7
433 silly packumentCache full:https://registry.npmjs.org/@babel%2fhelper-compilation-targets cache-miss
434 http fetch GET 200 https://registry.npmjs.org/@babel%2fhelper-compilation-targets 39ms (cache miss)
435 silly packumentCache full:https://registry.npmjs.org/@babel%2fhelper-compilation-targets set size:undefined disposed:false
436 silly fetch manifest @babel/helper-plugin-utils@^7.29.7
437 silly packumentCache full:https://registry.npmjs.org/@babel%2fhelper-plugin-utils cache-miss
438 http fetch GET 200 https://registry.npmjs.org/@babel%2fhelper-plugin-utils 35ms (cache miss)
439 silly packumentCache full:https://registry.npmjs.org/@babel%2fhelper-plugin-utils set size:undefined disposed:false
440 silly fetch manifest @babel/types@^7.20.7
441 silly packumentCache full:https://registry.npmjs.org/@babel%2ftypes cache-miss
442 http fetch GET 200 https://registry.npmjs.org/@babel%2ftypes 4ms (cache hit)
443 silly packumentCache full:https://registry.npmjs.org/@babel%2ftypes set size:500625 disposed:false
444 silly fetch manifest @babel/parser@^7.20.7
445 silly packumentCache full:https://registry.npmjs.org/@babel%2fparser cache-miss
446 http fetch GET 200 https://registry.npmjs.org/@babel%2fparser 13ms (cache hit)
447 silly packumentCache full:https://registry.npmjs.org/@babel%2fparser set size:735431 disposed:false
448 silly fetch manifest @types/babel__template@*
449 silly packumentCache full:https://registry.npmjs.org/@types%2fbabel__template cache-miss
450 http fetch GET 200 https://registry.npmjs.org/@types%2fbabel__template 27ms (cache miss)
451 silly packumentCache full:https://registry.npmjs.org/@types%2fbabel__template set size:undefined disposed:false
452 silly fetch manifest @types/babel__traverse@*
453 silly packumentCache full:https://registry.npmjs.org/@types%2fbabel__traverse cache-miss
454 http fetch GET 200 https://registry.npmjs.org/@types%2fbabel__traverse 40ms (cache miss)
455 silly packumentCache full:https://registry.npmjs.org/@types%2fbabel__traverse set size:undefined disposed:false
456 silly fetch manifest @types/babel__generator@*
457 silly packumentCache full:https://registry.npmjs.org/@types%2fbabel__generator cache-miss
458 http fetch GET 200 https://registry.npmjs.org/@types%2fbabel__generator 25ms (cache miss)
459 silly packumentCache full:https://registry.npmjs.org/@types%2fbabel__generator set size:undefined disposed:false
460 silly fetch manifest @babel/core@^7.0.0
461 silly packumentCache full:https://registry.npmjs.org/@babel%2fcore cache-miss
462 http fetch GET 200 https://registry.npmjs.org/@babel%2fcore 5ms (cache hit)
463 silly packumentCache full:https://registry.npmjs.org/@babel%2fcore set size:788273 disposed:false
464 silly placeDep ROOT @babel/code-frame@7.29.7 OK for: @babel/core@7.29.7 want: ^7.29.7
465 silly placeDep ROOT @babel/generator@7.29.7 OK for: @babel/core@7.29.7 want: ^7.29.7
466 silly placeDep ROOT @babel/helper-compilation-targets@7.29.7 OK for: @babel/core@7.29.7 want: ^7.29.7
467 silly placeDep ROOT @babel/helper-module-transforms@7.29.7 OK for: @babel/core@7.29.7 want: ^7.29.7
468 silly placeDep ROOT @babel/helpers@7.29.7 OK for: @babel/core@7.29.7 want: ^7.29.7
469 silly placeDep ROOT @babel/parser@7.29.7 OK for: @babel/core@7.29.7 want: ^7.29.7
470 silly placeDep ROOT @babel/template@7.29.7 OK for: @babel/core@7.29.7 want: ^7.29.7
471 silly placeDep ROOT @babel/traverse@7.29.7 OK for: @babel/core@7.29.7 want: ^7.29.7
472 silly placeDep ROOT @babel/types@7.29.7 OK for: @babel/core@7.29.7 want: ^7.29.7
473 silly placeDep ROOT @jridgewell/remapping@2.3.5 OK for: @babel/core@7.29.7 want: ^2.3.5
474 silly placeDep ROOT convert-source-map@2.0.0 OK for: @babel/core@7.29.7 want: ^2.0.0
475 silly placeDep ROOT debug@4.4.3 OK for: @babel/core@7.29.7 want: ^4.1.0
476 silly placeDep ROOT gensync@1.0.0-beta.2 OK for: @babel/core@7.29.7 want: ^1.0.0-beta.2
477 silly placeDep ROOT json5@2.2.3 OK for: @babel/core@7.29.7 want: ^2.2.3
478 silly placeDep ROOT semver@6.3.1 OK for: @babel/core@7.29.7 want: ^6.3.1
479 silly fetch manifest js-tokens@^4.0.0
480 silly packumentCache full:https://registry.npmjs.org/js-tokens cache-miss
481 http fetch GET 200 https://registry.npmjs.org/js-tokens 31ms (cache miss)
482 silly packumentCache full:https://registry.npmjs.org/js-tokens set size:undefined disposed:false
483 silly fetch manifest picocolors@^1.1.1
484 silly packumentCache full:https://registry.npmjs.org/picocolors cache-miss
485 http fetch GET 200 https://registry.npmjs.org/picocolors 22ms (cache miss)
486 silly packumentCache full:https://registry.npmjs.org/picocolors set size:undefined disposed:false
487 silly fetch manifest @babel/helper-validator-identifier@^7.29.7
488 silly packumentCache full:https://registry.npmjs.org/@babel%2fhelper-validator-identifier cache-miss
489 http fetch GET 200 https://registry.npmjs.org/@babel%2fhelper-validator-identifier 44ms (cache miss)
490 silly packumentCache full:https://registry.npmjs.org/@babel%2fhelper-validator-identifier set size:undefined disposed:false
491 silly fetch manifest jsesc@^3.0.2
492 silly packumentCache full:https://registry.npmjs.org/jsesc cache-miss
493 http fetch GET 200 https://registry.npmjs.org/jsesc 22ms (cache miss)
494 silly packumentCache full:https://registry.npmjs.org/jsesc set size:undefined disposed:false
495 silly fetch manifest @jridgewell/gen-mapping@^0.3.12
496 silly packumentCache full:https://registry.npmjs.org/@jridgewell%2fgen-mapping cache-miss
497 http fetch GET 200 https://registry.npmjs.org/@jridgewell%2fgen-mapping 247ms (cache miss)
498 silly packumentCache full:https://registry.npmjs.org/@jridgewell%2fgen-mapping set size:undefined disposed:false
499 silly fetch manifest @jridgewell/trace-mapping@^0.3.28
500 silly packumentCache full:https://registry.npmjs.org/@jridgewell%2ftrace-mapping cache-miss
501 http fetch GET 200 https://registry.npmjs.org/@jridgewell%2ftrace-mapping 39ms (cache miss)
502 silly packumentCache full:https://registry.npmjs.org/@jridgewell%2ftrace-mapping set size:undefined disposed:false
503 silly fetch manifest lru-cache@^5.1.1
504 silly packumentCache full:https://registry.npmjs.org/lru-cache cache-miss
505 http fetch GET 200 https://registry.npmjs.org/lru-cache 49ms (cache miss)
506 silly packumentCache full:https://registry.npmjs.org/lru-cache set size:undefined disposed:false
507 silly fetch manifest browserslist@^4.24.0
508 silly packumentCache full:https://registry.npmjs.org/browserslist cache-miss
509 http fetch GET 200 https://registry.npmjs.org/browserslist 41ms (cache miss)
510 silly packumentCache full:https://registry.npmjs.org/browserslist set size:undefined disposed:false
511 silly fetch manifest @babel/compat-data@^7.29.7
512 silly packumentCache full:https://registry.npmjs.org/@babel%2fcompat-data cache-miss
513 http fetch GET 200 https://registry.npmjs.org/@babel%2fcompat-data 53ms (cache miss)
514 silly packumentCache full:https://registry.npmjs.org/@babel%2fcompat-data set size:undefined disposed:false
515 silly fetch manifest @babel/helper-validator-option@^7.29.7
516 silly packumentCache full:https://registry.npmjs.org/@babel%2fhelper-validator-option cache-miss
517 http fetch GET 200 https://registry.npmjs.org/@babel%2fhelper-validator-option 31ms (cache miss)
518 silly packumentCache full:https://registry.npmjs.org/@babel%2fhelper-validator-option set size:undefined disposed:false
519 silly fetch manifest @babel/helper-module-imports@^7.29.7
520 silly packumentCache full:https://registry.npmjs.org/@babel%2fhelper-module-imports cache-miss
521 http fetch GET 200 https://registry.npmjs.org/@babel%2fhelper-module-imports 47ms (cache miss)
522 silly packumentCache full:https://registry.npmjs.org/@babel%2fhelper-module-imports set size:undefined disposed:false
523 silly fetch manifest debug@^4.3.1
524 silly packumentCache full:https://registry.npmjs.org/debug cache-hit
525 silly fetch manifest @babel/helper-globals@^7.29.7
526 silly packumentCache full:https://registry.npmjs.org/@babel%2fhelper-globals cache-miss
527 http fetch GET 200 https://registry.npmjs.org/@babel%2fhelper-globals 24ms (cache miss)
528 silly packumentCache full:https://registry.npmjs.org/@babel%2fhelper-globals set size:undefined disposed:false
529 silly fetch manifest @babel/helper-string-parser@^7.29.7
530 silly packumentCache full:https://registry.npmjs.org/@babel%2fhelper-string-parser cache-miss
531 http fetch GET 200 https://registry.npmjs.org/@babel%2fhelper-string-parser 42ms (cache miss)
532 silly packumentCache full:https://registry.npmjs.org/@babel%2fhelper-string-parser set size:undefined disposed:false
533 silly fetch manifest @jridgewell/gen-mapping@^0.3.5
534 silly packumentCache full:https://registry.npmjs.org/@jridgewell%2fgen-mapping cache-miss
535 http fetch GET 200 https://registry.npmjs.org/@jridgewell%2fgen-mapping 4ms (cache hit)
536 silly packumentCache full:https://registry.npmjs.org/@jridgewell%2fgen-mapping set size:75941 disposed:false
537 silly fetch manifest @jridgewell/trace-mapping@^0.3.24
538 silly packumentCache full:https://registry.npmjs.org/@jridgewell%2ftrace-mapping cache-miss
539 http fetch GET 200 https://registry.npmjs.org/@jridgewell%2ftrace-mapping 4ms (cache hit)
540 silly packumentCache full:https://registry.npmjs.org/@jridgewell%2ftrace-mapping set size:170909 disposed:false
541 silly fetch manifest ms@^2.1.3
542 silly packumentCache full:https://registry.npmjs.org/ms cache-miss
543 http fetch GET 200 https://registry.npmjs.org/ms 31ms (cache miss)
544 silly packumentCache full:https://registry.npmjs.org/ms set size:undefined disposed:false
545 silly placeDep ROOT @babel/helper-validator-identifier@7.29.7 OK for: @babel/code-frame@7.29.7 want: ^7.29.7
546 silly placeDep ROOT js-tokens@4.0.0 OK for: @babel/code-frame@7.29.7 want: ^4.0.0
547 silly placeDep ROOT picocolors@1.1.1 OK for: @babel/code-frame@7.29.7 want: ^1.1.1
548 silly placeDep ROOT @jridgewell/gen-mapping@0.3.13 OK for: @babel/generator@7.29.7 want: ^0.3.12
549 silly placeDep ROOT @jridgewell/trace-mapping@0.3.31 OK for: @babel/generator@7.29.7 want: ^0.3.28
550 silly placeDep ROOT jsesc@3.1.0 OK for: @babel/generator@7.29.7 want: ^3.0.2
551 silly fetch manifest @jridgewell/sourcemap-codec@^1.5.0
552 silly packumentCache full:https://registry.npmjs.org/@jridgewell%2fsourcemap-codec cache-miss
553 http fetch GET 200 https://registry.npmjs.org/@jridgewell%2fsourcemap-codec 127ms (cache miss)
554 silly packumentCache full:https://registry.npmjs.org/@jridgewell%2fsourcemap-codec set size:undefined disposed:false
555 silly fetch manifest @jridgewell/resolve-uri@^3.1.0
556 silly packumentCache full:https://registry.npmjs.org/@jridgewell%2fresolve-uri cache-miss
557 http fetch GET 200 https://registry.npmjs.org/@jridgewell%2fresolve-uri 36ms (cache miss)
558 silly packumentCache full:https://registry.npmjs.org/@jridgewell%2fresolve-uri set size:undefined disposed:false
559 silly fetch manifest @jridgewell/sourcemap-codec@^1.4.14
560 silly packumentCache full:https://registry.npmjs.org/@jridgewell%2fsourcemap-codec cache-miss
561 http fetch GET 200 https://registry.npmjs.org/@jridgewell%2fsourcemap-codec 4ms (cache hit)
562 silly packumentCache full:https://registry.npmjs.org/@jridgewell%2fsourcemap-codec set size:51856 disposed:false
563 silly placeDep ROOT @babel/compat-data@7.29.7 OK for: @babel/helper-compilation-targets@7.29.7 want: ^7.29.7
564 silly placeDep ROOT @babel/helper-validator-option@7.29.7 OK for: @babel/helper-compilation-targets@7.29.7 want: ^7.29.7
565 silly placeDep ROOT browserslist@4.28.7 OK for: @babel/helper-compilation-targets@7.29.7 want: ^4.24.0
566 silly placeDep ROOT lru-cache@5.1.1 OK for: @babel/helper-compilation-targets@7.29.7 want: ^5.1.1
567 silly fetch manifest caniuse-lite@^1.0.30001806
568 silly packumentCache full:https://registry.npmjs.org/caniuse-lite cache-miss
569 http fetch GET 200 https://registry.npmjs.org/caniuse-lite 94ms (cache miss)
570 silly packumentCache full:https://registry.npmjs.org/caniuse-lite set size:undefined disposed:false
571 silly fetch manifest node-releases@^2.0.51
572 silly packumentCache full:https://registry.npmjs.org/node-releases cache-miss
573 http fetch GET 200 https://registry.npmjs.org/node-releases 44ms (cache miss)
574 silly packumentCache full:https://registry.npmjs.org/node-releases set size:undefined disposed:false
575 silly fetch manifest electron-to-chromium@^1.5.393
576 silly packumentCache full:https://registry.npmjs.org/electron-to-chromium cache-miss
577 http fetch GET 200 https://registry.npmjs.org/electron-to-chromium 169ms (cache miss)
578 silly packumentCache full:https://registry.npmjs.org/electron-to-chromium set size:undefined disposed:false
579 silly fetch manifest update-browserslist-db@^1.2.3
580 silly packumentCache full:https://registry.npmjs.org/update-browserslist-db cache-miss
581 http fetch GET 200 https://registry.npmjs.org/update-browserslist-db 26ms (cache miss)
582 silly packumentCache full:https://registry.npmjs.org/update-browserslist-db set size:undefined disposed:false
583 silly fetch manifest baseline-browser-mapping@^2.10.44
584 silly packumentCache full:https://registry.npmjs.org/baseline-browser-mapping cache-miss
585 http fetch GET 200 https://registry.npmjs.org/baseline-browser-mapping 38ms (cache miss)
586 silly packumentCache full:https://registry.npmjs.org/baseline-browser-mapping set size:undefined disposed:false
587 silly fetch manifest yallist@^3.0.2
588 silly packumentCache full:https://registry.npmjs.org/yallist cache-miss
589 http fetch GET 200 https://registry.npmjs.org/yallist 21ms (cache miss)
590 silly packumentCache full:https://registry.npmjs.org/yallist set size:undefined disposed:false
591 silly placeDep ROOT @babel/helper-module-imports@7.29.7 OK for: @babel/helper-module-transforms@7.29.7 want: ^7.29.7
592 silly placeDep ROOT @babel/helper-plugin-utils@7.29.7 OK for: @babel/plugin-transform-react-jsx-self@7.29.7 want: ^7.29.7
593 silly placeDep ROOT @babel/helper-globals@7.29.7 OK for: @babel/traverse@7.29.7 want: ^7.29.7
594 silly placeDep ROOT @babel/helper-string-parser@7.29.7 OK for: @babel/types@7.29.7 want: ^7.29.7
595 silly placeDep ROOT @jridgewell/sourcemap-codec@1.5.5 OK for: @jridgewell/gen-mapping@0.3.13 want: ^1.5.0
596 silly placeDep ROOT @jridgewell/resolve-uri@3.1.2 OK for: @jridgewell/trace-mapping@0.3.31 want: ^3.1.0
597 silly placeDep ROOT @types/babel__generator@7.27.0 OK for: @types/babel__core@7.20.5 want: *
598 silly placeDep ROOT @types/babel__template@7.4.4 OK for: @types/babel__core@7.20.5 want: *
599 silly placeDep ROOT @types/babel__traverse@7.28.0 OK for: @types/babel__core@7.20.5 want: *
600 silly fetch manifest browserslist@>= 4.21.0
601 silly packumentCache full:https://registry.npmjs.org/browserslist cache-miss
602 http fetch GET 200 https://registry.npmjs.org/browserslist 4ms (cache hit)
603 silly packumentCache full:https://registry.npmjs.org/browserslist set size:516369 disposed:false
604 silly placeDep ROOT baseline-browser-mapping@2.11.5 OK for: browserslist@4.28.7 want: ^2.10.44
605 silly placeDep ROOT caniuse-lite@1.0.30001806 OK for: browserslist@4.28.7 want: ^1.0.30001806
606 silly placeDep ROOT electron-to-chromium@1.5.396 OK for: browserslist@4.28.7 want: ^1.5.393
607 silly placeDep ROOT node-releases@2.0.51 OK for: browserslist@4.28.7 want: ^2.0.51
608 silly placeDep ROOT update-browserslist-db@1.2.3 OK for: browserslist@4.28.7 want: ^1.2.3
609 silly fetch manifest escalade@^3.2.0
610 silly packumentCache full:https://registry.npmjs.org/escalade cache-miss
611 http fetch GET 200 https://registry.npmjs.org/escalade 24ms (cache miss)
612 silly packumentCache full:https://registry.npmjs.org/escalade set size:undefined disposed:false
613 silly placeDep ROOT ms@2.1.3 OK for: debug@4.4.3 want: ^2.1.3
614 silly fetch manifest eslint@^6.0.0 || ^7.0.0 || >=8.0.0
615 silly packumentCache full:https://registry.npmjs.org/eslint cache-miss
616 http fetch GET 200 https://registry.npmjs.org/eslint 15ms (cache hit)
617 silly packumentCache full:https://registry.npmjs.org/eslint set size:2040662 disposed:false
618 silly fetch manifest jiti@*
619 silly packumentCache full:https://registry.npmjs.org/jiti cache-miss
620 http fetch GET 200 https://registry.npmjs.org/jiti 31ms (cache miss)
621 silly packumentCache full:https://registry.npmjs.org/jiti set size:undefined disposed:false
622 silly placeDep ROOT @eslint-community/eslint-utils@4.10.1 OK for: eslint@8.57.1 want: ^4.2.0
623 silly placeDep ROOT @eslint-community/regexpp@4.12.2 OK for: eslint@8.57.1 want: ^4.6.1
624 silly placeDep ROOT @eslint/eslintrc@2.1.4 OK for: eslint@8.57.1 want: ^2.1.4
625 silly placeDep ROOT @eslint/js@8.57.1 OK for: eslint@8.57.1 want: 8.57.1
626 silly placeDep ROOT @humanwhocodes/config-array@0.13.0 OK for: eslint@8.57.1 want: ^0.13.0
627 silly placeDep ROOT @humanwhocodes/module-importer@1.0.1 OK for: eslint@8.57.1 want: ^1.0.1
628 silly placeDep ROOT @nodelib/fs.walk@1.2.8 OK for: eslint@8.57.1 want: ^1.2.8
629 silly placeDep ROOT @ungap/structured-clone@1.3.3 OK for: eslint@8.57.1 want: ^1.2.0
630 silly placeDep ROOT ajv@6.15.0 OK for: eslint@8.57.1 want: ^6.12.4
631 silly placeDep ROOT chalk@4.1.2 OK for: eslint@8.57.1 want: ^4.0.0
632 silly placeDep ROOT cross-spawn@7.0.6 OK for: eslint@8.57.1 want: ^7.0.2
633 silly placeDep ROOT doctrine@3.0.0 OK for: eslint@8.57.1 want: ^3.0.0
634 silly placeDep ROOT escape-string-regexp@4.0.0 OK for: eslint@8.57.1 want: ^4.0.0
635 silly placeDep ROOT eslint-scope@7.2.2 OK for: eslint@8.57.1 want: ^7.2.2
636 silly placeDep ROOT eslint-visitor-keys@3.4.3 OK for: eslint@8.57.1 want: ^3.4.3
637 silly placeDep ROOT espree@9.6.1 OK for: eslint@8.57.1 want: ^9.6.1
638 silly placeDep ROOT esquery@1.7.0 OK for: eslint@8.57.1 want: ^1.4.2
639 silly placeDep ROOT esutils@2.0.3 OK for: eslint@8.57.1 want: ^2.0.2
640 silly placeDep ROOT fast-deep-equal@3.1.3 OK for: eslint@8.57.1 want: ^3.1.3
641 silly placeDep ROOT file-entry-cache@6.0.1 OK for: eslint@8.57.1 want: ^6.0.1
642 silly placeDep ROOT find-up@5.0.0 OK for: eslint@8.57.1 want: ^5.0.0
643 silly placeDep ROOT glob-parent@6.0.2 OK for: eslint@8.57.1 want: ^6.0.2
644 silly placeDep ROOT globals@13.24.0 OK for: eslint@8.57.1 want: ^13.19.0
645 silly placeDep ROOT graphemer@1.4.0 OK for: eslint@8.57.1 want: ^1.4.0
646 silly placeDep ROOT ignore@5.3.2 OK for: eslint@8.57.1 want: ^5.2.0
647 silly placeDep ROOT imurmurhash@0.1.4 OK for: eslint@8.57.1 want: ^0.1.4
648 silly placeDep ROOT is-glob@4.0.3 OK for: eslint@8.57.1 want: ^4.0.0
649 silly placeDep ROOT is-path-inside@3.0.3 OK for: eslint@8.57.1 want: ^3.0.3
650 silly placeDep ROOT js-yaml@4.3.0 OK for: eslint@8.57.1 want: ^4.1.0
651 silly placeDep ROOT json-stable-stringify-without-jsonify@1.0.1 OK for: eslint@8.57.1 want: ^1.0.1
652 silly placeDep ROOT levn@0.4.1 OK for: eslint@8.57.1 want: ^0.4.1
653 silly placeDep ROOT lodash.merge@4.6.2 OK for: eslint@8.57.1 want: ^4.6.2
654 silly placeDep ROOT minimatch@3.1.5 OK for: eslint@8.57.1 want: ^3.1.2
655 silly placeDep ROOT natural-compare@1.4.0 OK for: eslint@8.57.1 want: ^1.4.0
656 silly placeDep ROOT optionator@0.9.4 OK for: eslint@8.57.1 want: ^0.9.3
657 silly placeDep ROOT strip-ansi@6.0.1 OK for: eslint@8.57.1 want: ^6.0.1
658 silly placeDep ROOT text-table@0.2.0 OK for: eslint@8.57.1 want: ^0.2.0
659 silly fetch manifest espree@^9.6.0
660 silly packumentCache full:https://registry.npmjs.org/espree cache-miss
661 http fetch GET 200 https://registry.npmjs.org/espree 4ms (cache hit)
662 silly packumentCache full:https://registry.npmjs.org/espree set size:326080 disposed:false
663 silly fetch manifest import-fresh@^3.2.1
664 silly packumentCache full:https://registry.npmjs.org/import-fresh cache-miss
665 http fetch GET 200 https://registry.npmjs.org/import-fresh 30ms (cache miss)
666 silly packumentCache full:https://registry.npmjs.org/import-fresh set size:undefined disposed:false
667 silly fetch manifest strip-json-comments@^3.1.1
668 silly packumentCache full:https://registry.npmjs.org/strip-json-comments cache-miss
669 http fetch GET 200 https://registry.npmjs.org/strip-json-comments 22ms (cache miss)
670 silly packumentCache full:https://registry.npmjs.org/strip-json-comments set size:undefined disposed:false
671 silly fetch manifest minimatch@^3.0.5
672 silly packumentCache full:https://registry.npmjs.org/minimatch cache-miss
673 http fetch GET 200 https://registry.npmjs.org/minimatch 4ms (cache hit)
674 silly packumentCache full:https://registry.npmjs.org/minimatch set size:375282 disposed:false
675 silly fetch manifest @humanwhocodes/object-schema@^2.0.3
676 silly packumentCache full:https://registry.npmjs.org/@humanwhocodes%2fobject-schema cache-miss
677 http fetch GET 200 https://registry.npmjs.org/@humanwhocodes%2fobject-schema 218ms (cache miss)
678 silly packumentCache full:https://registry.npmjs.org/@humanwhocodes%2fobject-schema set size:undefined disposed:false
679 silly fetch manifest fastq@^1.6.0
680 silly packumentCache full:https://registry.npmjs.org/fastq cache-miss
681 http fetch GET 200 https://registry.npmjs.org/fastq 23ms (cache miss)
682 silly packumentCache full:https://registry.npmjs.org/fastq set size:undefined disposed:false
683 silly fetch manifest @nodelib/fs.scandir@2.1.5
684 silly packumentCache full:https://registry.npmjs.org/@nodelib%2ffs.scandir cache-miss
685 http fetch GET 200 https://registry.npmjs.org/@nodelib%2ffs.scandir 295ms (cache miss)
686 silly packumentCache full:https://registry.npmjs.org/@nodelib%2ffs.scandir set size:undefined disposed:false
687 silly fetch manifest uri-js@^4.2.2
688 silly packumentCache full:https://registry.npmjs.org/uri-js cache-miss
689 http fetch GET 200 https://registry.npmjs.org/uri-js 21ms (cache miss)
690 silly packumentCache full:https://registry.npmjs.org/uri-js set size:undefined disposed:false
691 silly fetch manifest fast-deep-equal@^3.1.1
692 silly packumentCache full:https://registry.npmjs.org/fast-deep-equal cache-miss
693 http fetch GET 200 https://registry.npmjs.org/fast-deep-equal 2ms (cache hit)
694 silly packumentCache full:https://registry.npmjs.org/fast-deep-equal set size:48634 disposed:false
695 silly fetch manifest json-schema-traverse@^0.4.1
696 silly packumentCache full:https://registry.npmjs.org/json-schema-traverse cache-miss
697 http fetch GET 200 https://registry.npmjs.org/json-schema-traverse 31ms (cache miss)
698 silly packumentCache full:https://registry.npmjs.org/json-schema-traverse set size:undefined disposed:false
699 silly fetch manifest fast-json-stable-stringify@^2.0.0
700 silly packumentCache full:https://registry.npmjs.org/fast-json-stable-stringify cache-miss
701 http fetch GET 200 https://registry.npmjs.org/fast-json-stable-stringify 24ms (cache miss)
702 silly packumentCache full:https://registry.npmjs.org/fast-json-stable-stringify set size:undefined disposed:false
703 silly fetch manifest ansi-styles@^4.1.0
704 silly packumentCache full:https://registry.npmjs.org/ansi-styles cache-miss
705 http fetch GET 200 https://registry.npmjs.org/ansi-styles 30ms (cache miss)
706 silly packumentCache full:https://registry.npmjs.org/ansi-styles set size:undefined disposed:false
707 silly fetch manifest supports-color@^7.1.0
708 silly packumentCache full:https://registry.npmjs.org/supports-color cache-miss
709 http fetch GET 200 https://registry.npmjs.org/supports-color 22ms (cache miss)
710 silly packumentCache full:https://registry.npmjs.org/supports-color set size:undefined disposed:false
711 silly fetch manifest which@^2.0.1
712 silly packumentCache full:https://registry.npmjs.org/which cache-miss
713 http fetch GET 200 https://registry.npmjs.org/which 30ms (cache miss)
714 silly packumentCache full:https://registry.npmjs.org/which set size:undefined disposed:false
715 silly fetch manifest path-key@^3.1.0
716 silly packumentCache full:https://registry.npmjs.org/path-key cache-miss
717 http fetch GET 200 https://registry.npmjs.org/path-key 19ms (cache miss)
718 silly packumentCache full:https://registry.npmjs.org/path-key set size:undefined disposed:false
719 silly fetch manifest shebang-command@^2.0.0
720 silly packumentCache full:https://registry.npmjs.org/shebang-command cache-miss
721 http fetch GET 200 https://registry.npmjs.org/shebang-command 35ms (cache miss)
722 silly packumentCache full:https://registry.npmjs.org/shebang-command set size:undefined disposed:false
723 silly fetch manifest esrecurse@^4.3.0
724 silly packumentCache full:https://registry.npmjs.org/esrecurse cache-miss
725 http fetch GET 200 https://registry.npmjs.org/esrecurse 21ms (cache miss)
726 silly packumentCache full:https://registry.npmjs.org/esrecurse set size:undefined disposed:false
727 silly fetch manifest estraverse@^5.2.0
728 silly packumentCache full:https://registry.npmjs.org/estraverse cache-miss
729 http fetch GET 200 https://registry.npmjs.org/estraverse 4ms (cache hit)
730 silly packumentCache full:https://registry.npmjs.org/estraverse set size:62412 disposed:false
731 silly fetch manifest acorn@^8.9.0
732 silly packumentCache full:https://registry.npmjs.org/acorn cache-miss
733 http fetch GET 200 https://registry.npmjs.org/acorn 41ms (cache miss)
734 silly packumentCache full:https://registry.npmjs.org/acorn set size:undefined disposed:false
735 silly fetch manifest acorn-jsx@^5.3.2
736 silly packumentCache full:https://registry.npmjs.org/acorn-jsx cache-miss
737 http fetch GET 200 https://registry.npmjs.org/acorn-jsx 23ms (cache miss)
738 silly packumentCache full:https://registry.npmjs.org/acorn-jsx set size:undefined disposed:false
739 silly fetch manifest estraverse@^5.1.0
740 silly packumentCache full:https://registry.npmjs.org/estraverse cache-hit
741 silly fetch manifest flat-cache@^3.0.4
742 silly packumentCache full:https://registry.npmjs.org/flat-cache cache-miss
743 http fetch GET 200 https://registry.npmjs.org/flat-cache 32ms (cache miss)
744 silly packumentCache full:https://registry.npmjs.org/flat-cache set size:undefined disposed:false
745 silly fetch manifest locate-path@^6.0.0
746 silly packumentCache full:https://registry.npmjs.org/locate-path cache-miss
747 http fetch GET 200 https://registry.npmjs.org/locate-path 21ms (cache miss)
748 silly packumentCache full:https://registry.npmjs.org/locate-path set size:undefined disposed:false
749 silly fetch manifest path-exists@^4.0.0
750 silly packumentCache full:https://registry.npmjs.org/path-exists cache-miss
751 http fetch GET 200 https://registry.npmjs.org/path-exists 29ms (cache miss)
752 silly packumentCache full:https://registry.npmjs.org/path-exists set size:undefined disposed:false
753 silly fetch manifest is-glob@^4.0.3
754 silly packumentCache full:https://registry.npmjs.org/is-glob cache-miss
755 http fetch GET 200 https://registry.npmjs.org/is-glob 3ms (cache hit)
756 silly packumentCache full:https://registry.npmjs.org/is-glob set size:40530 disposed:false
757 silly fetch manifest type-fest@^0.20.2
758 silly packumentCache full:https://registry.npmjs.org/type-fest cache-miss
759 http fetch GET 200 https://registry.npmjs.org/type-fest 36ms (cache miss)
760 silly packumentCache full:https://registry.npmjs.org/type-fest set size:undefined disposed:false
761 silly fetch manifest is-extglob@^2.1.1
762 silly packumentCache full:https://registry.npmjs.org/is-extglob cache-miss
763 http fetch GET 200 https://registry.npmjs.org/is-extglob 34ms (cache miss)
764 silly packumentCache full:https://registry.npmjs.org/is-extglob set size:undefined disposed:false
765 silly fetch manifest argparse@^2.0.1
766 silly packumentCache full:https://registry.npmjs.org/argparse cache-miss
767 http fetch GET 200 https://registry.npmjs.org/argparse 22ms (cache miss)
768 silly packumentCache full:https://registry.npmjs.org/argparse set size:undefined disposed:false
769 silly fetch manifest prelude-ls@^1.2.1
770 silly packumentCache full:https://registry.npmjs.org/prelude-ls cache-miss
771 http fetch GET 200 https://registry.npmjs.org/prelude-ls 34ms (cache miss)
772 silly packumentCache full:https://registry.npmjs.org/prelude-ls set size:undefined disposed:false
773 silly fetch manifest type-check@~0.4.0
774 silly packumentCache full:https://registry.npmjs.org/type-check cache-miss
775 http fetch GET 200 https://registry.npmjs.org/type-check 22ms (cache miss)
776 silly packumentCache full:https://registry.npmjs.org/type-check set size:undefined disposed:false
777 silly fetch manifest brace-expansion@^1.1.7
778 silly packumentCache full:https://registry.npmjs.org/brace-expansion cache-miss
779 http fetch GET 200 https://registry.npmjs.org/brace-expansion 33ms (cache miss)
780 silly packumentCache full:https://registry.npmjs.org/brace-expansion set size:undefined disposed:false
781 silly fetch manifest deep-is@^0.1.3
782 silly packumentCache full:https://registry.npmjs.org/deep-is cache-miss
783 http fetch GET 200 https://registry.npmjs.org/deep-is 25ms (cache miss)
784 silly packumentCache full:https://registry.npmjs.org/deep-is set size:undefined disposed:false
785 silly fetch manifest word-wrap@^1.2.5
786 silly packumentCache full:https://registry.npmjs.org/word-wrap cache-miss
787 http fetch GET 200 https://registry.npmjs.org/word-wrap 39ms (cache miss)
788 silly packumentCache full:https://registry.npmjs.org/word-wrap set size:undefined disposed:false
789 silly fetch manifest type-check@^0.4.0
790 silly packumentCache full:https://registry.npmjs.org/type-check cache-miss
791 http fetch GET 200 https://registry.npmjs.org/type-check 5ms (cache hit)
792 silly packumentCache full:https://registry.npmjs.org/type-check set size:21221 disposed:false
793 silly fetch manifest fast-levenshtein@^2.0.6
794 silly packumentCache full:https://registry.npmjs.org/fast-levenshtein cache-miss
795 http fetch GET 200 https://registry.npmjs.org/fast-levenshtein 24ms (cache miss)
796 silly packumentCache full:https://registry.npmjs.org/fast-levenshtein set size:undefined disposed:false
797 silly fetch manifest ansi-regex@^5.0.1
798 silly packumentCache full:https://registry.npmjs.org/ansi-regex cache-miss
799 http fetch GET 200 https://registry.npmjs.org/ansi-regex 34ms (cache miss)
800 silly packumentCache full:https://registry.npmjs.org/ansi-regex set size:undefined disposed:false
801 silly placeDep ROOT import-fresh@3.3.1 OK for: @eslint/eslintrc@2.1.4 want: ^3.2.1
802 silly placeDep ROOT strip-json-comments@3.1.1 OK for: @eslint/eslintrc@2.1.4 want: ^3.1.1
803 silly fetch manifest resolve-from@^4.0.0
804 silly packumentCache full:https://registry.npmjs.org/resolve-from cache-miss
805 http fetch GET 200 https://registry.npmjs.org/resolve-from 21ms (cache miss)
806 silly packumentCache full:https://registry.npmjs.org/resolve-from set size:undefined disposed:false
807 silly fetch manifest parent-module@^1.0.0
808 silly packumentCache full:https://registry.npmjs.org/parent-module cache-miss
809 http fetch GET 200 https://registry.npmjs.org/parent-module 29ms (cache miss)
810 silly packumentCache full:https://registry.npmjs.org/parent-module set size:undefined disposed:false
811 silly placeDep ROOT @humanwhocodes/object-schema@2.0.3 OK for: @humanwhocodes/config-array@0.13.0 want: ^2.0.3
812 silly placeDep ROOT @nodelib/fs.scandir@2.1.5 OK for: @nodelib/fs.walk@1.2.8 want: 2.1.5
813 silly placeDep ROOT fastq@1.20.1 OK for: @nodelib/fs.walk@1.2.8 want: ^1.6.0
814 silly fetch manifest run-parallel@^1.1.9
815 silly packumentCache full:https://registry.npmjs.org/run-parallel cache-miss
816 http fetch GET 200 https://registry.npmjs.org/run-parallel 24ms (cache miss)
817 silly packumentCache full:https://registry.npmjs.org/run-parallel set size:undefined disposed:false
818 silly fetch manifest @nodelib/fs.stat@2.0.5
819 silly packumentCache full:https://registry.npmjs.org/@nodelib%2ffs.stat cache-miss
820 http fetch GET 200 https://registry.npmjs.org/@nodelib%2ffs.stat 140ms (cache miss)
821 silly packumentCache full:https://registry.npmjs.org/@nodelib%2ffs.stat set size:undefined disposed:false
822 silly fetch manifest reusify@^1.0.4
823 silly packumentCache full:https://registry.npmjs.org/reusify cache-miss
824 http fetch GET 200 https://registry.npmjs.org/reusify 21ms (cache miss)
825 silly packumentCache full:https://registry.npmjs.org/reusify set size:undefined disposed:false
826 silly placeDep ROOT @nodelib/fs.stat@2.0.5 OK for: @nodelib/fs.scandir@2.1.5 want: 2.0.5
827 silly placeDep ROOT run-parallel@1.2.0 OK for: @nodelib/fs.scandir@2.1.5 want: ^1.1.9
828 silly fetch manifest queue-microtask@^1.2.2
829 silly packumentCache full:https://registry.npmjs.org/queue-microtask cache-miss
830 http fetch GET 200 https://registry.npmjs.org/queue-microtask 31ms (cache miss)
831 silly packumentCache full:https://registry.npmjs.org/queue-microtask set size:undefined disposed:false
832 silly placeDep ROOT fast-json-stable-stringify@2.1.0 OK for: ajv@6.15.0 want: ^2.0.0
833 silly placeDep ROOT json-schema-traverse@0.4.1 OK for: ajv@6.15.0 want: ^0.4.1
834 silly placeDep ROOT uri-js@4.4.1 OK for: ajv@6.15.0 want: ^4.2.2
835 silly fetch manifest punycode@^2.1.0
836 silly packumentCache full:https://registry.npmjs.org/punycode cache-miss
837 http fetch GET 200 https://registry.npmjs.org/punycode 21ms (cache miss)
838 silly packumentCache full:https://registry.npmjs.org/punycode set size:undefined disposed:false
839 silly placeDep ROOT ansi-styles@4.3.0 OK for: chalk@4.1.2 want: ^4.1.0
840 silly placeDep ROOT supports-color@7.2.0 OK for: chalk@4.1.2 want: ^7.1.0
841 silly fetch manifest color-convert@^2.0.1
842 silly packumentCache full:https://registry.npmjs.org/color-convert cache-miss
843 http fetch GET 200 https://registry.npmjs.org/color-convert 33ms (cache miss)
844 silly packumentCache full:https://registry.npmjs.org/color-convert set size:undefined disposed:false
845 silly fetch manifest has-flag@^4.0.0
846 silly packumentCache full:https://registry.npmjs.org/has-flag cache-miss
847 http fetch GET 200 https://registry.npmjs.org/has-flag 19ms (cache miss)
848 silly packumentCache full:https://registry.npmjs.org/has-flag set size:undefined disposed:false
849 silly placeDep ROOT color-convert@2.0.1 OK for: ansi-styles@4.3.0 want: ^2.0.1
850 silly fetch manifest color-name@~1.1.4
851 silly packumentCache full:https://registry.npmjs.org/color-name cache-miss
852 http fetch GET 200 https://registry.npmjs.org/color-name 24ms (cache miss)
853 silly packumentCache full:https://registry.npmjs.org/color-name set size:undefined disposed:false
854 silly placeDep ROOT color-name@1.1.4 OK for: color-convert@2.0.1 want: ~1.1.4
855 silly placeDep ROOT path-key@3.1.1 OK for: cross-spawn@7.0.6 want: ^3.1.0
856 silly placeDep ROOT shebang-command@2.0.0 OK for: cross-spawn@7.0.6 want: ^2.0.0
857 silly placeDep ROOT which@2.0.2 OK for: cross-spawn@7.0.6 want: ^2.0.1
858 silly fetch manifest shebang-regex@^3.0.0
859 silly packumentCache full:https://registry.npmjs.org/shebang-regex cache-miss
860 http fetch GET 200 https://registry.npmjs.org/shebang-regex 22ms (cache miss)
861 silly packumentCache full:https://registry.npmjs.org/shebang-regex set size:undefined disposed:false
862 silly fetch manifest isexe@^2.0.0
863 silly packumentCache full:https://registry.npmjs.org/isexe cache-miss
864 http fetch GET 200 https://registry.npmjs.org/isexe 24ms (cache miss)
865 silly packumentCache full:https://registry.npmjs.org/isexe set size:undefined disposed:false
866 silly placeDep ROOT array-includes@3.1.9 OK for: eslint-plugin-react@7.37.5 want: ^3.1.8
867 silly placeDep ROOT array.prototype.findlast@1.2.5 OK for: eslint-plugin-react@7.37.5 want: ^1.2.5
868 silly placeDep ROOT array.prototype.flatmap@1.3.3 OK for: eslint-plugin-react@7.37.5 want: ^1.3.3
869 silly placeDep ROOT array.prototype.tosorted@1.1.4 OK for: eslint-plugin-react@7.37.5 want: ^1.1.4
870 silly placeDep node_modules/eslint-plugin-react doctrine@2.1.0 OK for: eslint-plugin-react@7.37.5 want: ^2.1.0
871 silly placeDep ROOT es-iterator-helpers@1.4.0 OK for: eslint-plugin-react@7.37.5 want: ^1.2.1
872 silly placeDep ROOT estraverse@5.3.0 OK for: eslint-plugin-react@7.37.5 want: ^5.3.0
873 silly placeDep ROOT hasown@2.0.4 OK for: eslint-plugin-react@7.37.5 want: ^2.0.2
874 silly placeDep ROOT jsx-ast-utils@3.3.5 OK for: eslint-plugin-react@7.37.5 want: ^2.4.1 || ^3.0.0
875 silly placeDep ROOT object.entries@1.1.9 OK for: eslint-plugin-react@7.37.5 want: ^1.1.9
876 silly placeDep ROOT object.fromentries@2.0.8 OK for: eslint-plugin-react@7.37.5 want: ^2.0.8
877 silly placeDep ROOT object.values@1.2.1 OK for: eslint-plugin-react@7.37.5 want: ^1.2.1
878 silly placeDep ROOT prop-types@15.8.1 OK for: eslint-plugin-react@7.37.5 want: ^15.8.1
879 silly placeDep ROOT resolve@2.0.0-next.7 OK for: eslint-plugin-react@7.37.5 want: ^2.0.0-next.5
880 silly placeDep ROOT string.prototype.matchall@4.0.12 OK for: eslint-plugin-react@7.37.5 want: ^4.0.12
881 silly placeDep ROOT string.prototype.repeat@1.0.0 OK for: eslint-plugin-react@7.37.5 want: ^1.0.0
882 silly fetch manifest call-bind@^1.0.8
883 silly packumentCache full:https://registry.npmjs.org/call-bind cache-miss
884 http fetch GET 200 https://registry.npmjs.org/call-bind 21ms (cache miss)
885 silly packumentCache full:https://registry.npmjs.org/call-bind set size:undefined disposed:false
886 silly fetch manifest call-bound@^1.0.4
887 silly packumentCache full:https://registry.npmjs.org/call-bound cache-miss
888 http fetch GET 200 https://registry.npmjs.org/call-bound 26ms (cache miss)
889 silly packumentCache full:https://registry.npmjs.org/call-bound set size:undefined disposed:false
890 silly fetch manifest define-properties@^1.2.1
891 silly packumentCache full:https://registry.npmjs.org/define-properties cache-miss
892 http fetch GET 200 https://registry.npmjs.org/define-properties 20ms (cache miss)
893 silly packumentCache full:https://registry.npmjs.org/define-properties set size:undefined disposed:false
894 silly fetch manifest es-abstract@^1.24.0
895 silly packumentCache full:https://registry.npmjs.org/es-abstract cache-miss
896 http fetch GET 200 https://registry.npmjs.org/es-abstract 40ms (cache miss)
897 silly packumentCache full:https://registry.npmjs.org/es-abstract set size:undefined disposed:false
898 silly fetch manifest es-object-atoms@^1.1.1
899 silly packumentCache full:https://registry.npmjs.org/es-object-atoms cache-miss
900 http fetch GET 200 https://registry.npmjs.org/es-object-atoms 20ms (cache miss)
901 silly packumentCache full:https://registry.npmjs.org/es-object-atoms set size:undefined disposed:false
902 silly fetch manifest get-intrinsic@^1.3.0
903 silly packumentCache full:https://registry.npmjs.org/get-intrinsic cache-miss
904 http fetch GET 200 https://registry.npmjs.org/get-intrinsic 33ms (cache miss)
905 silly packumentCache full:https://registry.npmjs.org/get-intrinsic set size:undefined disposed:false
906 silly fetch manifest is-string@^1.1.1
907 silly packumentCache full:https://registry.npmjs.org/is-string cache-miss
908 http fetch GET 200 https://registry.npmjs.org/is-string 22ms (cache miss)
909 silly packumentCache full:https://registry.npmjs.org/is-string set size:undefined disposed:false
910 silly fetch manifest math-intrinsics@^1.1.0
911 silly packumentCache full:https://registry.npmjs.org/math-intrinsics cache-miss
912 http fetch GET 200 https://registry.npmjs.org/math-intrinsics 24ms (cache miss)
913 silly packumentCache full:https://registry.npmjs.org/math-intrinsics set size:undefined disposed:false
914 silly fetch manifest call-bind@^1.0.7
915 silly packumentCache full:https://registry.npmjs.org/call-bind cache-miss
916 http fetch GET 200 https://registry.npmjs.org/call-bind 3ms (cache hit)
917 silly packumentCache full:https://registry.npmjs.org/call-bind set size:32985 disposed:false
918 silly fetch manifest es-abstract@^1.23.2
919 silly packumentCache full:https://registry.npmjs.org/es-abstract cache-miss
920 http fetch GET 200 https://registry.npmjs.org/es-abstract 3ms (cache hit)
921 silly packumentCache full:https://registry.npmjs.org/es-abstract set size:384124 disposed:false
922 silly fetch manifest es-errors@^1.3.0
923 silly packumentCache full:https://registry.npmjs.org/es-errors cache-miss
924 http fetch GET 200 https://registry.npmjs.org/es-errors 20ms (cache miss)
925 silly packumentCache full:https://registry.npmjs.org/es-errors set size:undefined disposed:false
926 silly fetch manifest es-object-atoms@^1.0.0
927 silly packumentCache full:https://registry.npmjs.org/es-object-atoms cache-miss
928 http fetch GET 200 https://registry.npmjs.org/es-object-atoms 2ms (cache hit)
929 silly packumentCache full:https://registry.npmjs.org/es-object-atoms set size:18278 disposed:false
930 silly fetch manifest es-shim-unscopables@^1.0.2
931 silly packumentCache full:https://registry.npmjs.org/es-shim-unscopables cache-miss
932 http fetch GET 200 https://registry.npmjs.org/es-shim-unscopables 34ms (cache miss)
933 silly packumentCache full:https://registry.npmjs.org/es-shim-unscopables set size:undefined disposed:false
934 silly fetch manifest es-abstract@^1.23.5
935 silly packumentCache full:https://registry.npmjs.org/es-abstract cache-hit
936 silly fetch manifest es-abstract@^1.23.3
937 silly packumentCache full:https://registry.npmjs.org/es-abstract cache-hit
938 silly fetch manifest gopd@^1.2.0
939 silly packumentCache full:https://registry.npmjs.org/gopd cache-miss
940 http fetch GET 200 https://registry.npmjs.org/gopd 46ms (cache miss)
941 silly packumentCache full:https://registry.npmjs.org/gopd set size:undefined disposed:false
942 silly fetch manifest call-bind@^1.0.9
943 silly packumentCache full:https://registry.npmjs.org/call-bind cache-hit
944 silly fetch manifest has-proto@^1.2.0
945 silly packumentCache full:https://registry.npmjs.org/has-proto cache-miss
946 http fetch GET 200 https://registry.npmjs.org/has-proto 31ms (cache miss)
947 silly packumentCache full:https://registry.npmjs.org/has-proto set size:undefined disposed:false
948 silly fetch manifest globalthis@^1.0.4
949 silly packumentCache full:https://registry.npmjs.org/globalthis cache-miss
950 http fetch GET 200 https://registry.npmjs.org/globalthis 21ms (cache miss)
951 silly packumentCache full:https://registry.npmjs.org/globalthis set size:undefined disposed:false
952 silly fetch manifest es-abstract@^1.24.2
953 silly packumentCache full:https://registry.npmjs.org/es-abstract cache-hit
954 silly fetch manifest has-symbols@^1.1.0
955 silly packumentCache full:https://registry.npmjs.org/has-symbols cache-miss
956 http fetch GET 200 https://registry.npmjs.org/has-symbols 32ms (cache miss)
957 silly packumentCache full:https://registry.npmjs.org/has-symbols set size:undefined disposed:false
958 silly fetch manifest function-bind@^1.1.2
959 silly packumentCache full:https://registry.npmjs.org/function-bind cache-miss
960 http fetch GET 200 https://registry.npmjs.org/function-bind 20ms (cache miss)
961 silly packumentCache full:https://registry.npmjs.org/function-bind set size:undefined disposed:false
962 silly fetch manifest internal-slot@^1.1.0
963 silly packumentCache full:https://registry.npmjs.org/internal-slot cache-miss
964 http fetch GET 200 https://registry.npmjs.org/internal-slot 34ms (cache miss)
965 silly packumentCache full:https://registry.npmjs.org/internal-slot set size:undefined disposed:false
966 silly fetch manifest es-set-tostringtag@^2.1.0
967 silly packumentCache full:https://registry.npmjs.org/es-set-tostringtag cache-miss
968 http fetch GET 200 https://registry.npmjs.org/es-set-tostringtag 22ms (cache miss)
969 silly packumentCache full:https://registry.npmjs.org/es-set-tostringtag set size:undefined disposed:false
970 silly fetch manifest iterator.prototype@^1.1.5
971 silly packumentCache full:https://registry.npmjs.org/iterator.prototype cache-miss
972 http fetch GET 200 https://registry.npmjs.org/iterator.prototype 51ms (cache miss)
973 silly packumentCache full:https://registry.npmjs.org/iterator.prototype set size:undefined disposed:false
974 silly fetch manifest has-property-descriptors@^1.0.2
975 silly packumentCache full:https://registry.npmjs.org/has-property-descriptors cache-miss
976 http fetch GET 200 https://registry.npmjs.org/has-property-descriptors 21ms (cache miss)
977 silly packumentCache full:https://registry.npmjs.org/has-property-descriptors set size:undefined disposed:false
978 silly fetch manifest array.prototype.flat@^1.3.1
979 silly packumentCache full:https://registry.npmjs.org/array.prototype.flat cache-miss
980 http fetch GET 200 https://registry.npmjs.org/array.prototype.flat 30ms (cache miss)
981 silly packumentCache full:https://registry.npmjs.org/array.prototype.flat set size:undefined disposed:false
982 silly fetch manifest object.assign@^4.1.4
983 silly packumentCache full:https://registry.npmjs.org/object.assign cache-miss
984 http fetch GET 200 https://registry.npmjs.org/object.assign 25ms (cache miss)
985 silly packumentCache full:https://registry.npmjs.org/object.assign set size:undefined disposed:false
986 silly fetch manifest object.values@^1.1.6
987 silly packumentCache full:https://registry.npmjs.org/object.values cache-miss
988 http fetch GET 200 https://registry.npmjs.org/object.values 5ms (cache hit)
989 silly packumentCache full:https://registry.npmjs.org/object.values set size:49009 disposed:false
990 silly fetch manifest call-bound@^1.0.3
991 silly packumentCache full:https://registry.npmjs.org/call-bound cache-miss
992 http fetch GET 200 https://registry.npmjs.org/call-bound 2ms (cache hit)
993 silly packumentCache full:https://registry.npmjs.org/call-bound set size:15317 disposed:false
994 silly fetch manifest loose-envify@^1.4.0
995 silly packumentCache full:https://registry.npmjs.org/loose-envify cache-miss
996 http fetch GET 200 https://registry.npmjs.org/loose-envify 2ms (cache hit)
997 silly packumentCache full:https://registry.npmjs.org/loose-envify set size:12559 disposed:false
998 silly fetch manifest object-assign@^4.1.1
999 silly packumentCache full:https://registry.npmjs.org/object-assign cache-miss
1000 http fetch GET 200 https://registry.npmjs.org/object-assign 29ms (cache miss)
1001 silly packumentCache full:https://registry.npmjs.org/object-assign set size:undefined disposed:false
1002 silly fetch manifest react-is@^16.13.1
1003 silly packumentCache full:https://registry.npmjs.org/react-is cache-miss
1004 http fetch GET 200 https://registry.npmjs.org/react-is 148ms (cache miss)
1005 silly packumentCache full:https://registry.npmjs.org/react-is set size:undefined disposed:false
1006 silly fetch manifest is-core-module@^2.16.2
1007 silly packumentCache full:https://registry.npmjs.org/is-core-module cache-miss
1008 http fetch GET 200 https://registry.npmjs.org/is-core-module 31ms (cache miss)
1009 silly packumentCache full:https://registry.npmjs.org/is-core-module set size:undefined disposed:false
1010 silly fetch manifest node-exports-info@^1.6.0
1011 silly packumentCache full:https://registry.npmjs.org/node-exports-info cache-miss
1012 http fetch GET 200 https://registry.npmjs.org/node-exports-info 23ms (cache miss)
1013 silly packumentCache full:https://registry.npmjs.org/node-exports-info set size:undefined disposed:false
1014 silly fetch manifest object-keys@^1.1.1
1015 silly packumentCache full:https://registry.npmjs.org/object-keys cache-miss
1016 http fetch GET 200 https://registry.npmjs.org/object-keys 30ms (cache miss)
1017 silly packumentCache full:https://registry.npmjs.org/object-keys set size:undefined disposed:false
1018 silly fetch manifest path-parse@^1.0.7
1019 silly packumentCache full:https://registry.npmjs.org/path-parse cache-miss
1020 http fetch GET 200 https://registry.npmjs.org/path-parse 19ms (cache miss)
1021 silly packumentCache full:https://registry.npmjs.org/path-parse set size:undefined disposed:false
1022 silly fetch manifest supports-preserve-symlinks-flag@^1.0.0
1023 silly packumentCache full:https://registry.npmjs.org/supports-preserve-symlinks-flag cache-miss
1024 http fetch GET 200 https://registry.npmjs.org/supports-preserve-symlinks-flag 30ms (cache miss)
1025 silly packumentCache full:https://registry.npmjs.org/supports-preserve-symlinks-flag set size:undefined disposed:false
1026 silly fetch manifest es-abstract@^1.23.6
1027 silly packumentCache full:https://registry.npmjs.org/es-abstract cache-hit
1028 silly fetch manifest get-intrinsic@^1.2.6
1029 silly packumentCache full:https://registry.npmjs.org/get-intrinsic cache-miss
1030 http fetch GET 200 https://registry.npmjs.org/get-intrinsic 3ms (cache hit)
1031 silly packumentCache full:https://registry.npmjs.org/get-intrinsic set size:60985 disposed:false
1032 silly fetch manifest regexp.prototype.flags@^1.5.3
1033 silly packumentCache full:https://registry.npmjs.org/regexp.prototype.flags cache-miss
1034 http fetch GET 200 https://registry.npmjs.org/regexp.prototype.flags 23ms (cache miss)
1035 silly packumentCache full:https://registry.npmjs.org/regexp.prototype.flags set size:undefined disposed:false
1036 silly fetch manifest set-function-name@^2.0.2
1037 silly packumentCache full:https://registry.npmjs.org/set-function-name cache-miss
1038 http fetch GET 200 https://registry.npmjs.org/set-function-name 31ms (cache miss)
1039 silly packumentCache full:https://registry.npmjs.org/set-function-name set size:undefined disposed:false
1040 silly fetch manifest side-channel@^1.1.0
1041 silly packumentCache full:https://registry.npmjs.org/side-channel cache-miss
1042 http fetch GET 200 https://registry.npmjs.org/side-channel 21ms (cache miss)
1043 silly packumentCache full:https://registry.npmjs.org/side-channel set size:undefined disposed:false
1044 silly fetch manifest define-properties@^1.1.3
1045 silly packumentCache full:https://registry.npmjs.org/define-properties cache-miss
1046 http fetch GET 200 https://registry.npmjs.org/define-properties 4ms (cache hit)
1047 silly packumentCache full:https://registry.npmjs.org/define-properties set size:31491 disposed:false
1048 silly fetch manifest es-abstract@^1.17.5
1049 silly packumentCache full:https://registry.npmjs.org/es-abstract cache-hit
1050 silly placeDep ROOT call-bind@1.0.9 OK for: array-includes@3.1.9 want: ^1.0.8
1051 silly placeDep ROOT call-bound@1.0.4 OK for: array-includes@3.1.9 want: ^1.0.4
1052 silly placeDep ROOT define-properties@1.2.1 OK for: array-includes@3.1.9 want: ^1.2.1
1053 silly placeDep ROOT es-abstract@1.24.2 OK for: array-includes@3.1.9 want: ^1.24.0
1054 silly placeDep ROOT es-object-atoms@1.1.2 OK for: array-includes@3.1.9 want: ^1.1.1
1055 silly placeDep ROOT get-intrinsic@1.3.0 OK for: array-includes@3.1.9 want: ^1.3.0
1056 silly placeDep ROOT is-string@1.1.1 OK for: array-includes@3.1.9 want: ^1.1.1
1057 silly placeDep ROOT math-intrinsics@1.1.0 OK for: array-includes@3.1.9 want: ^1.1.0
1058 silly fetch manifest call-bind-apply-helpers@^1.0.2
1059 silly packumentCache full:https://registry.npmjs.org/call-bind-apply-helpers cache-miss
1060 http fetch GET 200 https://registry.npmjs.org/call-bind-apply-helpers 28ms (cache miss)
1061 silly packumentCache full:https://registry.npmjs.org/call-bind-apply-helpers set size:undefined disposed:false
1062 silly fetch manifest es-define-property@^1.0.1
1063 silly packumentCache full:https://registry.npmjs.org/es-define-property cache-miss
1064 http fetch GET 200 https://registry.npmjs.org/es-define-property 20ms (cache miss)
1065 silly packumentCache full:https://registry.npmjs.org/es-define-property set size:undefined disposed:false
1066 silly fetch manifest set-function-length@^1.2.2
1067 silly packumentCache full:https://registry.npmjs.org/set-function-length cache-miss
1068 http fetch GET 200 https://registry.npmjs.org/set-function-length 33ms (cache miss)
1069 silly packumentCache full:https://registry.npmjs.org/set-function-length set size:undefined disposed:false
1070 silly fetch manifest define-data-property@^1.0.1
1071 silly packumentCache full:https://registry.npmjs.org/define-data-property cache-miss
1072 http fetch GET 200 https://registry.npmjs.org/define-data-property 23ms (cache miss)
1073 silly packumentCache full:https://registry.npmjs.org/define-data-property set size:undefined disposed:false
1074 silly fetch manifest has-property-descriptors@^1.0.0
1075 silly packumentCache full:https://registry.npmjs.org/has-property-descriptors cache-miss
1076 http fetch GET 200 https://registry.npmjs.org/has-property-descriptors 2ms (cache hit)
1077 silly packumentCache full:https://registry.npmjs.org/has-property-descriptors set size:12452 disposed:false
1078 silly fetch manifest array-buffer-byte-length@^1.0.2
1079 silly packumentCache full:https://registry.npmjs.org/array-buffer-byte-length cache-miss
1080 http fetch GET 200 https://registry.npmjs.org/array-buffer-byte-length 33ms (cache miss)
1081 silly packumentCache full:https://registry.npmjs.org/array-buffer-byte-length set size:undefined disposed:false
1082 silly fetch manifest arraybuffer.prototype.slice@^1.0.4
1083 silly packumentCache full:https://registry.npmjs.org/arraybuffer.prototype.slice cache-miss
1084 http fetch GET 200 https://registry.npmjs.org/arraybuffer.prototype.slice 21ms (cache miss)
1085 silly packumentCache full:https://registry.npmjs.org/arraybuffer.prototype.slice set size:undefined disposed:false
1086 silly fetch manifest available-typed-arrays@^1.0.7
1087 silly packumentCache full:https://registry.npmjs.org/available-typed-arrays cache-miss
1088 http fetch GET 200 https://registry.npmjs.org/available-typed-arrays 34ms (cache miss)
1089 silly packumentCache full:https://registry.npmjs.org/available-typed-arrays set size:undefined disposed:false
1090 silly fetch manifest data-view-buffer@^1.0.2
1091 silly packumentCache full:https://registry.npmjs.org/data-view-buffer cache-miss
1092 http fetch GET 200 https://registry.npmjs.org/data-view-buffer 22ms (cache miss)
1093 silly packumentCache full:https://registry.npmjs.org/data-view-buffer set size:undefined disposed:false
1094 silly fetch manifest data-view-byte-length@^1.0.2
1095 silly packumentCache full:https://registry.npmjs.org/data-view-byte-length cache-miss
1096 http fetch GET 200 https://registry.npmjs.org/data-view-byte-length 32ms (cache miss)
1097 silly packumentCache full:https://registry.npmjs.org/data-view-byte-length set size:undefined disposed:false
1098 silly fetch manifest data-view-byte-offset@^1.0.1
1099 silly packumentCache full:https://registry.npmjs.org/data-view-byte-offset cache-miss
1100 http fetch GET 200 https://registry.npmjs.org/data-view-byte-offset 21ms (cache miss)
1101 silly packumentCache full:https://registry.npmjs.org/data-view-byte-offset set size:undefined disposed:false
1102 silly fetch manifest es-to-primitive@^1.3.0
1103 silly packumentCache full:https://registry.npmjs.org/es-to-primitive cache-miss
1104 http fetch GET 200 https://registry.npmjs.org/es-to-primitive 36ms (cache miss)
1105 silly packumentCache full:https://registry.npmjs.org/es-to-primitive set size:undefined disposed:false
1106 silly fetch manifest function.prototype.name@^1.1.8
1107 silly packumentCache full:https://registry.npmjs.org/function.prototype.name cache-miss
1108 http fetch GET 200 https://registry.npmjs.org/function.prototype.name 26ms (cache miss)
1109 silly packumentCache full:https://registry.npmjs.org/function.prototype.name set size:undefined disposed:false
1110 silly fetch manifest get-proto@^1.0.1
1111 silly packumentCache full:https://registry.npmjs.org/get-proto cache-miss
1112 http fetch GET 200 https://registry.npmjs.org/get-proto 30ms (cache miss)
1113 silly packumentCache full:https://registry.npmjs.org/get-proto set size:undefined disposed:false
1114 silly fetch manifest get-symbol-description@^1.1.0
1115 silly packumentCache full:https://registry.npmjs.org/get-symbol-description cache-miss
1116 http fetch GET 200 https://registry.npmjs.org/get-symbol-description 24ms (cache miss)
1117 silly packumentCache full:https://registry.npmjs.org/get-symbol-description set size:undefined disposed:false
1118 silly fetch manifest is-array-buffer@^3.0.5
1119 silly packumentCache full:https://registry.npmjs.org/is-array-buffer cache-miss
1120 http fetch GET 200 https://registry.npmjs.org/is-array-buffer 37ms (cache miss)
1121 silly packumentCache full:https://registry.npmjs.org/is-array-buffer set size:undefined disposed:false
1122 silly fetch manifest is-callable@^1.2.7
1123 silly packumentCache full:https://registry.npmjs.org/is-callable cache-miss
1124 http fetch GET 200 https://registry.npmjs.org/is-callable 25ms (cache miss)
1125 silly packumentCache full:https://registry.npmjs.org/is-callable set size:undefined disposed:false
1126 silly fetch manifest is-data-view@^1.0.2
1127 silly packumentCache full:https://registry.npmjs.org/is-data-view cache-miss
1128 http fetch GET 200 https://registry.npmjs.org/is-data-view 40ms (cache miss)
1129 silly packumentCache full:https://registry.npmjs.org/is-data-view set size:undefined disposed:false
1130 silly fetch manifest is-negative-zero@^2.0.3
1131 silly packumentCache full:https://registry.npmjs.org/is-negative-zero cache-miss
1132 http fetch GET 200 https://registry.npmjs.org/is-negative-zero 25ms (cache miss)
1133 silly packumentCache full:https://registry.npmjs.org/is-negative-zero set size:undefined disposed:false
1134 silly fetch manifest is-regex@^1.2.1
1135 silly packumentCache full:https://registry.npmjs.org/is-regex cache-miss
1136 http fetch GET 200 https://registry.npmjs.org/is-regex 40ms (cache miss)
1137 silly packumentCache full:https://registry.npmjs.org/is-regex set size:undefined disposed:false
1138 silly fetch manifest is-set@^2.0.3
1139 silly packumentCache full:https://registry.npmjs.org/is-set cache-miss
1140 http fetch GET 200 https://registry.npmjs.org/is-set 22ms (cache miss)
1141 silly packumentCache full:https://registry.npmjs.org/is-set set size:undefined disposed:false
1142 silly fetch manifest is-shared-array-buffer@^1.0.4
1143 silly packumentCache full:https://registry.npmjs.org/is-shared-array-buffer cache-miss
1144 http fetch GET 200 https://registry.npmjs.org/is-shared-array-buffer 28ms (cache miss)
1145 silly packumentCache full:https://registry.npmjs.org/is-shared-array-buffer set size:undefined disposed:false
1146 silly fetch manifest is-typed-array@^1.1.15
1147 silly packumentCache full:https://registry.npmjs.org/is-typed-array cache-miss
1148 http fetch GET 200 https://registry.npmjs.org/is-typed-array 22ms (cache miss)
1149 silly packumentCache full:https://registry.npmjs.org/is-typed-array set size:undefined disposed:false
1150 silly fetch manifest is-weakref@^1.1.1
1151 silly packumentCache full:https://registry.npmjs.org/is-weakref cache-miss
1152 http fetch GET 200 https://registry.npmjs.org/is-weakref 31ms (cache miss)
1153 silly packumentCache full:https://registry.npmjs.org/is-weakref set size:undefined disposed:false
1154 silly fetch manifest object-inspect@^1.13.4
1155 silly packumentCache full:https://registry.npmjs.org/object-inspect cache-miss
1156 http fetch GET 200 https://registry.npmjs.org/object-inspect 22ms (cache miss)
1157 silly packumentCache full:https://registry.npmjs.org/object-inspect set size:undefined disposed:false
1158 silly fetch manifest object.assign@^4.1.7
1159 silly packumentCache full:https://registry.npmjs.org/object.assign cache-miss
1160 http fetch GET 200 https://registry.npmjs.org/object.assign 5ms (cache hit)
1161 silly packumentCache full:https://registry.npmjs.org/object.assign set size:85907 disposed:false
1162 silly fetch manifest own-keys@^1.0.1
1163 silly packumentCache full:https://registry.npmjs.org/own-keys cache-miss
1164 http fetch GET 200 https://registry.npmjs.org/own-keys 30ms (cache miss)
1165 silly packumentCache full:https://registry.npmjs.org/own-keys set size:undefined disposed:false
1166 silly fetch manifest regexp.prototype.flags@^1.5.4
1167 silly packumentCache full:https://registry.npmjs.org/regexp.prototype.flags cache-miss
1168 http fetch GET 200 https://registry.npmjs.org/regexp.prototype.flags 2ms (cache hit)
1169 silly packumentCache full:https://registry.npmjs.org/regexp.prototype.flags set size:60621 disposed:false
1170 silly fetch manifest safe-array-concat@^1.1.3
1171 silly packumentCache full:https://registry.npmjs.org/safe-array-concat cache-miss
1172 http fetch GET 200 https://registry.npmjs.org/safe-array-concat 21ms (cache miss)
1173 silly packumentCache full:https://registry.npmjs.org/safe-array-concat set size:undefined disposed:false
1174 silly fetch manifest safe-push-apply@^1.0.0
1175 silly packumentCache full:https://registry.npmjs.org/safe-push-apply cache-miss
1176 http fetch GET 200 https://registry.npmjs.org/safe-push-apply 46ms (cache miss)
1177 silly packumentCache full:https://registry.npmjs.org/safe-push-apply set size:undefined disposed:false
1178 silly fetch manifest safe-regex-test@^1.1.0
1179 silly packumentCache full:https://registry.npmjs.org/safe-regex-test cache-miss
1180 http fetch GET 200 https://registry.npmjs.org/safe-regex-test 29ms (cache miss)
1181 silly packumentCache full:https://registry.npmjs.org/safe-regex-test set size:undefined disposed:false
1182 silly fetch manifest set-proto@^1.0.0
1183 silly packumentCache full:https://registry.npmjs.org/set-proto cache-miss
1184 http fetch GET 200 https://registry.npmjs.org/set-proto 29ms (cache miss)
1185 silly packumentCache full:https://registry.npmjs.org/set-proto set size:undefined disposed:false
1186 silly fetch manifest stop-iteration-iterator@^1.1.0
1187 silly packumentCache full:https://registry.npmjs.org/stop-iteration-iterator cache-miss
1188 http fetch GET 200 https://registry.npmjs.org/stop-iteration-iterator 23ms (cache miss)
1189 silly packumentCache full:https://registry.npmjs.org/stop-iteration-iterator set size:undefined disposed:false
1190 silly fetch manifest string.prototype.trim@^1.2.10
1191 silly packumentCache full:https://registry.npmjs.org/string.prototype.trim cache-miss
1192 http fetch GET 200 https://registry.npmjs.org/string.prototype.trim 30ms (cache miss)
1193 silly packumentCache full:https://registry.npmjs.org/string.prototype.trim set size:undefined disposed:false
1194 silly fetch manifest string.prototype.trimend@^1.0.9
1195 silly packumentCache full:https://registry.npmjs.org/string.prototype.trimend cache-miss
1196 http fetch GET 200 https://registry.npmjs.org/string.prototype.trimend 21ms (cache miss)
1197 silly packumentCache full:https://registry.npmjs.org/string.prototype.trimend set size:undefined disposed:false
1198 silly fetch manifest string.prototype.trimstart@^1.0.8
1199 silly packumentCache full:https://registry.npmjs.org/string.prototype.trimstart cache-miss
1200 http fetch GET 200 https://registry.npmjs.org/string.prototype.trimstart 30ms (cache miss)
1201 silly packumentCache full:https://registry.npmjs.org/string.prototype.trimstart set size:undefined disposed:false
1202 silly fetch manifest typed-array-buffer@^1.0.3
1203 silly packumentCache full:https://registry.npmjs.org/typed-array-buffer cache-miss
1204 http fetch GET 200 https://registry.npmjs.org/typed-array-buffer 21ms (cache miss)
1205 silly packumentCache full:https://registry.npmjs.org/typed-array-buffer set size:undefined disposed:false
1206 silly fetch manifest typed-array-byte-length@^1.0.3
1207 silly packumentCache full:https://registry.npmjs.org/typed-array-byte-length cache-miss
1208 http fetch GET 200 https://registry.npmjs.org/typed-array-byte-length 31ms (cache miss)
1209 silly packumentCache full:https://registry.npmjs.org/typed-array-byte-length set size:undefined disposed:false
1210 silly fetch manifest typed-array-byte-offset@^1.0.4
1211 silly packumentCache full:https://registry.npmjs.org/typed-array-byte-offset cache-miss
1212 http fetch GET 200 https://registry.npmjs.org/typed-array-byte-offset 20ms (cache miss)
1213 silly packumentCache full:https://registry.npmjs.org/typed-array-byte-offset set size:undefined disposed:false
1214 silly fetch manifest typed-array-length@^1.0.7
1215 silly packumentCache full:https://registry.npmjs.org/typed-array-length cache-miss
1216 http fetch GET 200 https://registry.npmjs.org/typed-array-length 32ms (cache miss)
1217 silly packumentCache full:https://registry.npmjs.org/typed-array-length set size:undefined disposed:false
1218 silly fetch manifest unbox-primitive@^1.1.0
1219 silly packumentCache full:https://registry.npmjs.org/unbox-primitive cache-miss
1220 http fetch GET 200 https://registry.npmjs.org/unbox-primitive 21ms (cache miss)
1221 silly packumentCache full:https://registry.npmjs.org/unbox-primitive set size:undefined disposed:false
1222 silly fetch manifest which-typed-array@^1.1.19
1223 silly packumentCache full:https://registry.npmjs.org/which-typed-array cache-miss
1224 http fetch GET 200 https://registry.npmjs.org/which-typed-array 32ms (cache miss)
1225 silly packumentCache full:https://registry.npmjs.org/which-typed-array set size:undefined disposed:false
1226 silly fetch manifest has-tostringtag@^1.0.2
1227 silly packumentCache full:https://registry.npmjs.org/has-tostringtag cache-miss
1228 http fetch GET 200 https://registry.npmjs.org/has-tostringtag 19ms (cache miss)
1229 silly packumentCache full:https://registry.npmjs.org/has-tostringtag set size:undefined disposed:false
1230 silly placeDep ROOT es-errors@1.3.0 OK for: array.prototype.findlast@1.2.5 want: ^1.3.0
1231 silly placeDep ROOT es-shim-unscopables@1.1.0 OK for: array.prototype.findlast@1.2.5 want: ^1.0.2
1232 silly placeDep ROOT call-bind-apply-helpers@1.0.2 OK for: call-bind@1.0.9 want: ^1.0.2
1233 silly placeDep ROOT es-define-property@1.0.1 OK for: call-bind@1.0.9 want: ^1.0.1
1234 silly placeDep ROOT set-function-length@1.2.2 OK for: call-bind@1.0.9 want: ^1.2.2
1235 silly fetch manifest define-data-property@^1.1.4
1236 silly packumentCache full:https://registry.npmjs.org/define-data-property cache-miss
1237 http fetch GET 200 https://registry.npmjs.org/define-data-property 3ms (cache hit)
1238 silly packumentCache full:https://registry.npmjs.org/define-data-property set size:28048 disposed:false
1239 silly fetch manifest gopd@^1.0.1
1240 silly packumentCache full:https://registry.npmjs.org/gopd cache-miss
1241 http fetch GET 200 https://registry.npmjs.org/gopd 3ms (cache hit)
1242 silly packumentCache full:https://registry.npmjs.org/gopd set size:11483 disposed:false
1243 silly placeDep ROOT function-bind@1.1.2 OK for: call-bind-apply-helpers@1.0.2 want: ^1.1.2
1244 silly placeDep ROOT define-data-property@1.1.4 OK for: define-properties@1.2.1 want: ^1.0.1
1245 silly placeDep ROOT has-property-descriptors@1.0.2 OK for: define-properties@1.2.1 want: ^1.0.0
1246 silly placeDep ROOT object-keys@1.1.1 OK for: define-properties@1.2.1 want: ^1.1.1
1247 silly placeDep ROOT gopd@1.2.0 OK for: define-data-property@1.1.4 want: ^1.0.1
1248 silly placeDep ROOT array-buffer-byte-length@1.0.2 OK for: es-abstract@1.24.2 want: ^1.0.2
1249 silly placeDep ROOT arraybuffer.prototype.slice@1.0.4 OK for: es-abstract@1.24.2 want: ^1.0.4
1250 silly placeDep ROOT available-typed-arrays@1.0.7 OK for: es-abstract@1.24.2 want: ^1.0.7
1251 silly placeDep ROOT data-view-buffer@1.0.2 OK for: es-abstract@1.24.2 want: ^1.0.2
1252 silly placeDep ROOT data-view-byte-length@1.0.2 OK for: es-abstract@1.24.2 want: ^1.0.2
1253 silly placeDep ROOT data-view-byte-offset@1.0.1 OK for: es-abstract@1.24.2 want: ^1.0.1
1254 silly placeDep ROOT es-set-tostringtag@2.1.0 OK for: es-abstract@1.24.2 want: ^2.1.0
1255 silly placeDep ROOT es-to-primitive@1.3.4 OK for: es-abstract@1.24.2 want: ^1.3.0
1256 silly placeDep ROOT function.prototype.name@1.2.0 OK for: es-abstract@1.24.2 want: ^1.1.8
1257 silly placeDep ROOT get-proto@1.0.1 OK for: es-abstract@1.24.2 want: ^1.0.1
1258 silly placeDep ROOT get-symbol-description@1.1.0 OK for: es-abstract@1.24.2 want: ^1.1.0
1259 silly placeDep ROOT globalthis@1.0.4 OK for: es-abstract@1.24.2 want: ^1.0.4
1260 silly placeDep ROOT has-proto@1.2.0 OK for: es-abstract@1.24.2 want: ^1.2.0
1261 silly placeDep ROOT has-symbols@1.1.0 OK for: es-abstract@1.24.2 want: ^1.1.0
1262 silly placeDep ROOT internal-slot@1.1.0 OK for: es-abstract@1.24.2 want: ^1.1.0
1263 silly placeDep ROOT is-array-buffer@3.0.5 OK for: es-abstract@1.24.2 want: ^3.0.5
1264 silly placeDep ROOT is-callable@1.2.7 OK for: es-abstract@1.24.2 want: ^1.2.7
1265 silly placeDep ROOT is-data-view@1.0.2 OK for: es-abstract@1.24.2 want: ^1.0.2
1266 silly placeDep ROOT is-negative-zero@2.0.3 OK for: es-abstract@1.24.2 want: ^2.0.3
1267 silly placeDep ROOT is-regex@1.2.1 OK for: es-abstract@1.24.2 want: ^1.2.1
1268 silly placeDep ROOT is-set@2.0.3 OK for: es-abstract@1.24.2 want: ^2.0.3
1269 silly placeDep ROOT is-shared-array-buffer@1.0.4 OK for: es-abstract@1.24.2 want: ^1.0.4
1270 silly placeDep ROOT is-typed-array@1.1.15 OK for: es-abstract@1.24.2 want: ^1.1.15
1271 silly placeDep ROOT is-weakref@1.1.1 OK for: es-abstract@1.24.2 want: ^1.1.1
1272 silly placeDep ROOT object-inspect@1.13.4 OK for: es-abstract@1.24.2 want: ^1.13.4
1273 silly placeDep ROOT object.assign@4.1.7 OK for: es-abstract@1.24.2 want: ^4.1.7
1274 silly placeDep ROOT own-keys@1.0.2 OK for: es-abstract@1.24.2 want: ^1.0.1
1275 silly placeDep ROOT regexp.prototype.flags@1.5.4 OK for: es-abstract@1.24.2 want: ^1.5.4
1276 silly placeDep ROOT safe-array-concat@1.1.4 OK for: es-abstract@1.24.2 want: ^1.1.3
1277 silly placeDep ROOT safe-push-apply@1.0.0 OK for: es-abstract@1.24.2 want: ^1.0.0
1278 silly placeDep ROOT safe-regex-test@1.1.0 OK for: es-abstract@1.24.2 want: ^1.1.0
1279 silly placeDep ROOT set-proto@1.0.0 OK for: es-abstract@1.24.2 want: ^1.0.0
1280 silly placeDep ROOT stop-iteration-iterator@1.1.0 OK for: es-abstract@1.24.2 want: ^1.1.0
1281 silly placeDep ROOT string.prototype.trim@1.2.11 OK for: es-abstract@1.24.2 want: ^1.2.10
1282 silly placeDep ROOT string.prototype.trimend@1.0.10 OK for: es-abstract@1.24.2 want: ^1.0.9
1283 silly placeDep ROOT string.prototype.trimstart@1.0.8 OK for: es-abstract@1.24.2 want: ^1.0.8
1284 silly placeDep ROOT typed-array-buffer@1.0.3 OK for: es-abstract@1.24.2 want: ^1.0.3
1285 silly placeDep ROOT typed-array-byte-length@1.0.3 OK for: es-abstract@1.24.2 want: ^1.0.3
1286 silly placeDep ROOT typed-array-byte-offset@1.0.4 OK for: es-abstract@1.24.2 want: ^1.0.4
1287 silly placeDep ROOT typed-array-length@1.0.8 OK for: es-abstract@1.24.2 want: ^1.0.7
1288 silly placeDep ROOT unbox-primitive@1.1.0 OK for: es-abstract@1.24.2 want: ^1.1.0
1289 silly placeDep ROOT which-typed-array@1.1.22 OK for: es-abstract@1.24.2 want: ^1.1.19
1290 silly fetch manifest is-array-buffer@^3.0.4
1291 silly packumentCache full:https://registry.npmjs.org/is-array-buffer cache-miss
1292 http fetch GET 200 https://registry.npmjs.org/is-array-buffer 3ms (cache hit)
1293 silly packumentCache full:https://registry.npmjs.org/is-array-buffer set size:33562 disposed:false
1294 silly fetch manifest possible-typed-array-names@^1.0.0
1295 silly packumentCache full:https://registry.npmjs.org/possible-typed-array-names cache-miss
1296 http fetch GET 200 https://registry.npmjs.org/possible-typed-array-names 34ms (cache miss)
1297 silly packumentCache full:https://registry.npmjs.org/possible-typed-array-names set size:undefined disposed:false
1298 silly fetch manifest is-data-view@^1.0.1
1299 silly packumentCache full:https://registry.npmjs.org/is-data-view cache-miss
1300 http fetch GET 200 https://registry.npmjs.org/is-data-view 4ms (cache hit)
1301 silly packumentCache full:https://registry.npmjs.org/is-data-view set size:13756 disposed:false
1302 silly fetch manifest is-symbol@^1.1.1
1303 silly packumentCache full:https://registry.npmjs.org/is-symbol cache-miss
1304 http fetch GET 200 https://registry.npmjs.org/is-symbol 21ms (cache miss)
1305 silly packumentCache full:https://registry.npmjs.org/is-symbol set size:undefined disposed:false
1306 silly fetch manifest is-date-object@^1.1.0
1307 silly packumentCache full:https://registry.npmjs.org/is-date-object cache-miss
1308 http fetch GET 200 https://registry.npmjs.org/is-date-object 35ms (cache miss)
1309 silly packumentCache full:https://registry.npmjs.org/is-date-object set size:undefined disposed:false
1310 silly fetch manifest es-abstract-get@^1.0.0
1311 silly packumentCache full:https://registry.npmjs.org/es-abstract-get cache-miss
1312 http fetch GET 200 https://registry.npmjs.org/es-abstract-get 21ms (cache miss)
1313 silly packumentCache full:https://registry.npmjs.org/es-abstract-get set size:undefined disposed:false
1314 silly fetch manifest is-document.all@^1.0.0
1315 silly packumentCache full:https://registry.npmjs.org/is-document.all cache-miss
1316 http fetch GET 200 https://registry.npmjs.org/is-document.all 28ms (cache miss)
1317 silly packumentCache full:https://registry.npmjs.org/is-document.all set size:undefined disposed:false
1318 silly fetch manifest functions-have-names@^1.2.3
1319 silly packumentCache full:https://registry.npmjs.org/functions-have-names cache-miss
1320 http fetch GET 200 https://registry.npmjs.org/functions-have-names 21ms (cache miss)
1321 silly packumentCache full:https://registry.npmjs.org/functions-have-names set size:undefined disposed:false
1322 silly fetch manifest dunder-proto@^1.0.1
1323 silly packumentCache full:https://registry.npmjs.org/dunder-proto cache-miss
1324 http fetch GET 200 https://registry.npmjs.org/dunder-proto 29ms (cache miss)
1325 silly packumentCache full:https://registry.npmjs.org/dunder-proto set size:undefined disposed:false
1326 silly fetch manifest dunder-proto@^1.0.0
1327 silly packumentCache full:https://registry.npmjs.org/dunder-proto cache-miss
1328 http fetch GET 200 https://registry.npmjs.org/dunder-proto 2ms (cache hit)
1329 silly packumentCache full:https://registry.npmjs.org/dunder-proto set size:8256 disposed:false
1330 silly fetch manifest is-typed-array@^1.1.13
1331 silly packumentCache full:https://registry.npmjs.org/is-typed-array cache-miss
1332 http fetch GET 200 https://registry.npmjs.org/is-typed-array 3ms (cache hit)
1333 silly packumentCache full:https://registry.npmjs.org/is-typed-array set size:79965 disposed:false
1334 silly fetch manifest which-typed-array@^1.1.16
1335 silly packumentCache full:https://registry.npmjs.org/which-typed-array cache-miss
1336 http fetch GET 200 https://registry.npmjs.org/which-typed-array 2ms (cache hit)
1337 silly packumentCache full:https://registry.npmjs.org/which-typed-array set size:101551 disposed:false
1338 silly fetch manifest isarray@^2.0.5
1339 silly packumentCache full:https://registry.npmjs.org/isarray cache-miss
1340 http fetch GET 200 https://registry.npmjs.org/isarray 19ms (cache miss)
1341 silly packumentCache full:https://registry.npmjs.org/isarray set size:undefined disposed:false
1342 silly fetch manifest for-each@^0.3.3
1343 silly packumentCache full:https://registry.npmjs.org/for-each cache-miss
1344 http fetch GET 200 https://registry.npmjs.org/for-each 37ms (cache miss)
1345 silly packumentCache full:https://registry.npmjs.org/for-each set size:undefined disposed:false
1346 silly fetch manifest reflect.getprototypeof@^1.0.9
1347 silly packumentCache full:https://registry.npmjs.org/reflect.getprototypeof cache-miss
1348 http fetch GET 200 https://registry.npmjs.org/reflect.getprototypeof 25ms (cache miss)
1349 silly packumentCache full:https://registry.npmjs.org/reflect.getprototypeof set size:undefined disposed:false
1350 silly fetch manifest for-each@^0.3.5
1351 silly packumentCache full:https://registry.npmjs.org/for-each cache-miss
1352 http fetch GET 200 https://registry.npmjs.org/for-each 2ms (cache hit)
1353 silly packumentCache full:https://registry.npmjs.org/for-each set size:14327 disposed:false
1354 silly fetch manifest possible-typed-array-names@^1.1.0
1355 silly packumentCache full:https://registry.npmjs.org/possible-typed-array-names cache-miss
1356 http fetch GET 200 https://registry.npmjs.org/possible-typed-array-names 12ms (cache hit)
1357 silly packumentCache full:https://registry.npmjs.org/possible-typed-array-names set size:9167 disposed:false
1358 silly fetch manifest reflect.getprototypeof@^1.0.10
1359 silly packumentCache full:https://registry.npmjs.org/reflect.getprototypeof cache-miss
1360 http fetch GET 200 https://registry.npmjs.org/reflect.getprototypeof 22ms (cache hit)
1361 silly packumentCache full:https://registry.npmjs.org/reflect.getprototypeof set size:44083 disposed:false
1362 silly fetch manifest has-bigints@^1.0.2
1363 silly packumentCache full:https://registry.npmjs.org/has-bigints cache-miss
1364 http fetch GET 200 https://registry.npmjs.org/has-bigints 36ms (cache miss)
1365 silly packumentCache full:https://registry.npmjs.org/has-bigints set size:undefined disposed:false
1366 silly fetch manifest which-boxed-primitive@^1.1.1
1367 silly packumentCache full:https://registry.npmjs.org/which-boxed-primitive cache-miss
1368 http fetch GET 200 https://registry.npmjs.org/which-boxed-primitive 19ms (cache miss)
1369 silly packumentCache full:https://registry.npmjs.org/which-boxed-primitive set size:undefined disposed:false
1370 silly placeDep ROOT possible-typed-array-names@1.1.0 OK for: available-typed-arrays@1.0.7 want: ^1.0.0
1371 silly placeDep ROOT iterator.prototype@1.1.5 OK for: es-iterator-helpers@1.4.0 want: ^1.1.5
1372 silly placeDep ROOT has-tostringtag@1.0.2 OK for: es-set-tostringtag@2.1.0 want: ^1.0.2
1373 silly placeDep ROOT es-abstract-get@1.0.0 OK for: es-to-primitive@1.3.4 want: ^1.0.0
1374 silly placeDep ROOT is-date-object@1.1.0 OK for: es-to-primitive@1.3.4 want: ^1.1.0
1375 silly placeDep ROOT is-symbol@1.1.1 OK for: es-to-primitive@1.3.4 want: ^1.1.1
1376 silly placeDep ROOT esrecurse@4.3.0 OK for: eslint-scope@7.2.2 want: ^4.3.0
1377 silly placeDep ROOT acorn@8.17.0 OK for: espree@9.6.1 want: ^8.9.0
1378 silly placeDep ROOT acorn-jsx@5.3.2 OK for: espree@9.6.1 want: ^5.3.2
1379 silly placeDep ROOT reusify@1.1.0 OK for: fastq@1.20.1 want: ^1.0.4
1380 silly placeDep ROOT flat-cache@3.2.0 OK for: file-entry-cache@6.0.1 want: ^3.0.4
1381 silly fetch manifest keyv@^4.5.3
1382 silly packumentCache full:https://registry.npmjs.org/keyv cache-miss
1383 http fetch GET 200 https://registry.npmjs.org/keyv 40ms (cache miss)
1384 silly packumentCache full:https://registry.npmjs.org/keyv set size:undefined disposed:false
1385 silly fetch manifest rimraf@^3.0.2
1386 silly packumentCache full:https://registry.npmjs.org/rimraf cache-miss
1387 http fetch GET 200 https://registry.npmjs.org/rimraf 28ms (cache miss)
1388 silly packumentCache full:https://registry.npmjs.org/rimraf set size:undefined disposed:false
1389 silly fetch manifest flatted@^3.2.9
1390 silly packumentCache full:https://registry.npmjs.org/flatted cache-miss
1391 http fetch GET 200 https://registry.npmjs.org/flatted 37ms (cache miss)
1392 silly packumentCache full:https://registry.npmjs.org/flatted set size:undefined disposed:false
1393 silly placeDep ROOT locate-path@6.0.0 OK for: find-up@5.0.0 want: ^6.0.0
1394 silly placeDep ROOT path-exists@4.0.0 OK for: find-up@5.0.0 want: ^4.0.0
1395 silly fetch manifest p-locate@^5.0.0
1396 silly packumentCache full:https://registry.npmjs.org/p-locate cache-miss
1397 http fetch GET 200 https://registry.npmjs.org/p-locate 21ms (cache miss)
1398 silly packumentCache full:https://registry.npmjs.org/p-locate set size:undefined disposed:false
1399 silly placeDep ROOT flatted@3.4.3 OK for: flat-cache@3.2.0 want: ^3.2.9
1400 silly placeDep ROOT keyv@4.5.4 OK for: flat-cache@3.2.0 want: ^4.5.3
1401 silly placeDep ROOT rimraf@3.0.2 OK for: flat-cache@3.2.0 want: ^3.0.2
1402 silly fetch manifest json-buffer@3.0.1
1403 silly packumentCache full:https://registry.npmjs.org/json-buffer cache-miss
1404 http fetch GET 200 https://registry.npmjs.org/json-buffer 29ms (cache miss)
1405 silly packumentCache full:https://registry.npmjs.org/json-buffer set size:undefined disposed:false
1406 silly fetch manifest glob@^7.1.3
1407 silly packumentCache full:https://registry.npmjs.org/glob cache-miss
1408 http fetch GET 200 https://registry.npmjs.org/glob 37ms (cache miss)
1409 silly packumentCache full:https://registry.npmjs.org/glob set size:undefined disposed:false
1410 silly placeDep ROOT functions-have-names@1.2.3 OK for: function.prototype.name@1.2.0 want: ^1.2.3
1411 silly placeDep ROOT is-document.all@1.0.0 OK for: function.prototype.name@1.2.0 want: ^1.0.0
1412 silly placeDep ROOT dunder-proto@1.0.1 OK for: get-proto@1.0.1 want: ^1.0.1
1413 silly placeDep ROOT type-fest@0.20.2 OK for: globals@13.24.0 want: ^0.20.2
1414 silly placeDep ROOT parent-module@1.0.1 OK for: import-fresh@3.3.1 want: ^1.0.0
1415 silly placeDep ROOT resolve-from@4.0.0 OK for: import-fresh@3.3.1 want: ^4.0.0
1416 silly fetch manifest callsites@^3.0.0
1417 silly packumentCache full:https://registry.npmjs.org/callsites cache-miss
1418 http fetch GET 200 https://registry.npmjs.org/callsites 33ms (cache miss)
1419 silly packumentCache full:https://registry.npmjs.org/callsites set size:undefined disposed:false
1420 silly placeDep ROOT side-channel@1.1.1 OK for: internal-slot@1.1.0 want: ^1.1.0
1421 silly fetch manifest side-channel-list@^1.0.1
1422 silly packumentCache full:https://registry.npmjs.org/side-channel-list cache-miss
1423 http fetch GET 200 https://registry.npmjs.org/side-channel-list 19ms (cache miss)
1424 silly packumentCache full:https://registry.npmjs.org/side-channel-list set size:undefined disposed:false
1425 silly fetch manifest side-channel-map@^1.0.1
1426 silly packumentCache full:https://registry.npmjs.org/side-channel-map cache-miss
1427 http fetch GET 200 https://registry.npmjs.org/side-channel-map 39ms (cache miss)
1428 silly packumentCache full:https://registry.npmjs.org/side-channel-map set size:undefined disposed:false
1429 silly fetch manifest side-channel-weakmap@^1.0.2
1430 silly packumentCache full:https://registry.npmjs.org/side-channel-weakmap cache-miss
1431 http fetch GET 200 https://registry.npmjs.org/side-channel-weakmap 24ms (cache miss)
1432 silly packumentCache full:https://registry.npmjs.org/side-channel-weakmap set size:undefined disposed:false
1433 silly placeDep ROOT is-extglob@2.1.1 OK for: is-glob@4.0.3 want: ^2.1.1
1434 silly placeDep ROOT set-function-name@2.0.2 OK for: iterator.prototype@1.1.5 want: ^2.0.2
1435 silly placeDep ROOT argparse@2.0.1 OK for: js-yaml@4.3.0 want: ^2.0.1
1436 silly placeDep ROOT array.prototype.flat@1.3.3 OK for: jsx-ast-utils@3.3.5 want: ^1.3.1
1437 silly placeDep ROOT json-buffer@3.0.1 OK for: keyv@4.5.4 want: 3.0.1
1438 silly placeDep ROOT prelude-ls@1.2.1 OK for: levn@0.4.1 want: ^1.2.1
1439 silly placeDep ROOT type-check@0.4.0 OK for: levn@0.4.1 want: ~0.4.0
1440 silly placeDep ROOT p-locate@5.0.0 OK for: locate-path@6.0.0 want: ^5.0.0
1441 silly fetch manifest p-limit@^3.0.2
1442 silly packumentCache full:https://registry.npmjs.org/p-limit cache-miss
1443 http fetch GET 200 https://registry.npmjs.org/p-limit 36ms (cache miss)
1444 silly packumentCache full:https://registry.npmjs.org/p-limit set size:undefined disposed:false
1445 silly placeDep ROOT yallist@3.1.1 OK for: lru-cache@5.1.1 want: ^3.0.2
1446 silly placeDep ROOT brace-expansion@1.1.16 OK for: minimatch@3.1.5 want: ^1.1.7
1447 silly fetch manifest concat-map@0.0.1
1448 silly packumentCache full:https://registry.npmjs.org/concat-map cache-miss
1449 http fetch GET 200 https://registry.npmjs.org/concat-map 23ms (cache miss)
1450 silly packumentCache full:https://registry.npmjs.org/concat-map set size:undefined disposed:false
1451 silly fetch manifest balanced-match@^1.0.0
1452 silly packumentCache full:https://registry.npmjs.org/balanced-match cache-miss
1453 http fetch GET 200 https://registry.npmjs.org/balanced-match 34ms (cache miss)
1454 silly packumentCache full:https://registry.npmjs.org/balanced-match set size:undefined disposed:false
1455 silly placeDep ROOT balanced-match@1.0.2 OK for: brace-expansion@1.1.16 want: ^1.0.0
1456 silly placeDep ROOT concat-map@0.0.1 OK for: brace-expansion@1.1.16 want: 0.0.1
1457 silly placeDep ROOT deep-is@0.1.4 OK for: optionator@0.9.4 want: ^0.1.3
1458 silly placeDep ROOT fast-levenshtein@2.0.6 OK for: optionator@0.9.4 want: ^2.0.6
1459 silly placeDep ROOT word-wrap@1.2.5 OK for: optionator@0.9.4 want: ^1.2.5
1460 silly placeDep ROOT p-limit@3.1.0 OK for: p-locate@5.0.0 want: ^3.0.2
1461 silly fetch manifest yocto-queue@^0.1.0
1462 silly packumentCache full:https://registry.npmjs.org/yocto-queue cache-miss
1463 http fetch GET 200 https://registry.npmjs.org/yocto-queue 21ms (cache miss)
1464 silly packumentCache full:https://registry.npmjs.org/yocto-queue set size:undefined disposed:false
1465 silly placeDep ROOT yocto-queue@0.1.0 OK for: p-limit@3.1.0 want: ^0.1.0
1466 silly placeDep ROOT callsites@3.1.0 OK for: parent-module@1.0.1 want: ^3.0.0
1467 silly placeDep ROOT loose-envify@1.4.0 OK for: prop-types@15.8.1 want: ^1.4.0
1468 silly placeDep ROOT object-assign@4.1.1 OK for: prop-types@15.8.1 want: ^4.1.1
1469 silly placeDep ROOT react-is@16.13.1 OK for: prop-types@15.8.1 want: ^16.13.1
1470 silly placeDep ROOT scheduler@0.23.2 OK for: react-dom@18.3.1 want: ^0.23.2
1471 silly placeDep ROOT is-core-module@2.16.2 OK for: resolve@2.0.0-next.7 want: ^2.16.2
1472 silly placeDep ROOT node-exports-info@1.6.2 OK for: resolve@2.0.0-next.7 want: ^1.6.0
1473 silly placeDep ROOT path-parse@1.0.7 OK for: resolve@2.0.0-next.7 want: ^1.0.7
1474 silly placeDep ROOT supports-preserve-symlinks-flag@1.0.0 OK for: resolve@2.0.0-next.7 want: ^1.0.0
1475 silly placeDep ROOT glob@7.2.3 OK for: rimraf@3.0.2 want: ^7.1.3
1476 silly fetch manifest once@^1.3.0
1477 silly packumentCache full:https://registry.npmjs.org/once cache-miss
1478 http fetch GET 200 https://registry.npmjs.org/once 33ms (cache miss)
1479 silly packumentCache full:https://registry.npmjs.org/once set size:undefined disposed:false
1480 silly fetch manifest inflight@^1.0.4
1481 silly packumentCache full:https://registry.npmjs.org/inflight cache-miss
1482 http fetch GET 200 https://registry.npmjs.org/inflight 22ms (cache miss)
1483 silly packumentCache full:https://registry.npmjs.org/inflight set size:undefined disposed:false
1484 silly fetch manifest inherits@2
1485 silly packumentCache full:https://registry.npmjs.org/inherits cache-miss
1486 http fetch GET 200 https://registry.npmjs.org/inherits 35ms (cache miss)
1487 silly packumentCache full:https://registry.npmjs.org/inherits set size:undefined disposed:false
1488 silly fetch manifest fs.realpath@^1.0.0
1489 silly packumentCache full:https://registry.npmjs.org/fs.realpath cache-miss
1490 http fetch GET 200 https://registry.npmjs.org/fs.realpath 21ms (cache miss)
1491 silly packumentCache full:https://registry.npmjs.org/fs.realpath set size:undefined disposed:false
1492 silly fetch manifest path-is-absolute@^1.0.0
1493 silly packumentCache full:https://registry.npmjs.org/path-is-absolute cache-miss
1494 http fetch GET 200 https://registry.npmjs.org/path-is-absolute 32ms (cache miss)
1495 silly packumentCache full:https://registry.npmjs.org/path-is-absolute set size:undefined disposed:false
1496 silly placeDep ROOT fs.realpath@1.0.0 OK for: glob@7.2.3 want: ^1.0.0
1497 silly placeDep ROOT inflight@1.0.6 OK for: glob@7.2.3 want: ^1.0.4
1498 silly placeDep ROOT inherits@2.0.4 OK for: glob@7.2.3 want: 2
1499 silly placeDep ROOT once@1.4.0 OK for: glob@7.2.3 want: ^1.3.0
1500 silly placeDep ROOT path-is-absolute@1.0.1 OK for: glob@7.2.3 want: ^1.0.0
1501 silly fetch manifest wrappy@1
1502 silly packumentCache full:https://registry.npmjs.org/wrappy cache-miss
1503 http fetch GET 200 https://registry.npmjs.org/wrappy 25ms (cache miss)
1504 silly packumentCache full:https://registry.npmjs.org/wrappy set size:undefined disposed:false
1505 silly placeDep ROOT wrappy@1.0.2 OK for: inflight@1.0.6 want: 1
1506 silly placeDep ROOT queue-microtask@1.2.3 OK for: run-parallel@1.2.0 want: ^1.2.2
1507 silly placeDep ROOT isarray@2.0.5 OK for: safe-array-concat@1.1.4 want: ^2.0.5
1508 silly placeDep ROOT shebang-regex@3.0.0 OK for: shebang-command@2.0.0 want: ^3.0.0
1509 silly placeDep ROOT side-channel-list@1.0.1 OK for: side-channel@1.1.1 want: ^1.0.1
1510 silly placeDep ROOT side-channel-map@1.0.1 OK for: side-channel@1.1.1 want: ^1.0.1
1511 silly placeDep ROOT side-channel-weakmap@1.0.2 OK for: side-channel@1.1.1 want: ^1.0.2
1512 silly placeDep ROOT ansi-regex@5.0.1 OK for: strip-ansi@6.0.1 want: ^5.0.1
1513 silly placeDep ROOT has-flag@4.0.0 OK for: supports-color@7.2.0 want: ^4.0.0
1514 silly placeDep ROOT for-each@0.3.5 OK for: typed-array-byte-length@1.0.3 want: ^0.3.3
1515 silly placeDep ROOT reflect.getprototypeof@1.0.10 OK for: typed-array-byte-offset@1.0.4 want: ^1.0.9
1516 silly fetch manifest which-builtin-type@^1.2.1
1517 silly packumentCache full:https://registry.npmjs.org/which-builtin-type cache-miss
1518 http fetch GET 200 https://registry.npmjs.org/which-builtin-type 28ms (cache miss)
1519 silly packumentCache full:https://registry.npmjs.org/which-builtin-type set size:undefined disposed:false
1520 silly placeDep ROOT which-builtin-type@1.2.1 OK for: reflect.getprototypeof@1.0.10 want: ^1.2.1
1521 silly fetch manifest is-async-function@^2.0.0
1522 silly packumentCache full:https://registry.npmjs.org/is-async-function cache-miss
1523 http fetch GET 200 https://registry.npmjs.org/is-async-function 24ms (cache miss)
1524 silly packumentCache full:https://registry.npmjs.org/is-async-function set size:undefined disposed:false
1525 silly fetch manifest is-finalizationregistry@^1.1.0
1526 silly packumentCache full:https://registry.npmjs.org/is-finalizationregistry cache-miss
1527 http fetch GET 200 https://registry.npmjs.org/is-finalizationregistry 27ms (cache miss)
1528 silly packumentCache full:https://registry.npmjs.org/is-finalizationregistry set size:undefined disposed:false
1529 silly fetch manifest is-generator-function@^1.0.10
1530 silly packumentCache full:https://registry.npmjs.org/is-generator-function cache-miss
1531 http fetch GET 200 https://registry.npmjs.org/is-generator-function 23ms (cache miss)
1532 silly packumentCache full:https://registry.npmjs.org/is-generator-function set size:undefined disposed:false
1533 silly fetch manifest which-boxed-primitive@^1.1.0
1534 silly packumentCache full:https://registry.npmjs.org/which-boxed-primitive cache-miss
1535 http fetch GET 200 https://registry.npmjs.org/which-boxed-primitive 2ms (cache hit)
1536 silly packumentCache full:https://registry.npmjs.org/which-boxed-primitive set size:19407 disposed:false
1537 silly fetch manifest which-collection@^1.0.2
1538 silly packumentCache full:https://registry.npmjs.org/which-collection cache-miss
1539 http fetch GET 200 https://registry.npmjs.org/which-collection 32ms (cache miss)
1540 silly packumentCache full:https://registry.npmjs.org/which-collection set size:undefined disposed:false
1541 silly placeDep ROOT has-bigints@1.1.0 OK for: unbox-primitive@1.1.0 want: ^1.0.2
1542 silly placeDep ROOT which-boxed-primitive@1.1.1 OK for: unbox-primitive@1.1.0 want: ^1.1.1
1543 silly fetch manifest is-bigint@^1.1.0
1544 silly packumentCache full:https://registry.npmjs.org/is-bigint cache-miss
1545 http fetch GET 200 https://registry.npmjs.org/is-bigint 49ms (cache miss)
1546 silly packumentCache full:https://registry.npmjs.org/is-bigint set size:undefined disposed:false
1547 silly fetch manifest is-boolean-object@^1.2.1
1548 silly packumentCache full:https://registry.npmjs.org/is-boolean-object cache-miss
1549 http fetch GET 200 https://registry.npmjs.org/is-boolean-object 35ms (cache miss)
1550 silly packumentCache full:https://registry.npmjs.org/is-boolean-object set size:undefined disposed:false
1551 silly fetch manifest is-number-object@^1.1.1
1552 silly packumentCache full:https://registry.npmjs.org/is-number-object cache-miss
1553 http fetch GET 200 https://registry.npmjs.org/is-number-object 20ms (cache miss)
1554 silly packumentCache full:https://registry.npmjs.org/is-number-object set size:undefined disposed:false
1555 silly placeDep ROOT escalade@3.2.0 OK for: update-browserslist-db@1.2.3 want: ^3.2.0
1556 silly placeDep ROOT punycode@2.3.1 OK for: uri-js@4.4.1 want: ^2.1.0
1557 silly placeDep ROOT esbuild@0.18.20 OK for: vite@4.5.14 want: ^0.18.10
1558 silly placeDep ROOT fsevents@2.3.3 OK for: vite@4.5.14 want: ~2.3.2
1559 silly placeDep ROOT postcss@8.5.23 OK for: vite@4.5.14 want: ^8.4.27
1560 silly placeDep ROOT rollup@3.30.0 OK for: vite@4.5.14 want: ^3.27.1
1561 silly fetch manifest @esbuild/linux-arm@0.18.20
1562 silly packumentCache full:https://registry.npmjs.org/@esbuild%2flinux-arm cache-miss
1563 http fetch GET 200 https://registry.npmjs.org/@esbuild%2flinux-arm 72ms (cache miss)
1564 silly packumentCache full:https://registry.npmjs.org/@esbuild%2flinux-arm set size:undefined disposed:false
1565 silly fetch manifest @esbuild/linux-x64@0.18.20
1566 silly packumentCache full:https://registry.npmjs.org/@esbuild%2flinux-x64 cache-miss
1567 http fetch GET 200 https://registry.npmjs.org/@esbuild%2flinux-x64 35ms (cache miss)
1568 silly packumentCache full:https://registry.npmjs.org/@esbuild%2flinux-x64 set size:undefined disposed:false
1569 silly fetch manifest @esbuild/sunos-x64@0.18.20
1570 silly packumentCache full:https://registry.npmjs.org/@esbuild%2fsunos-x64 cache-miss
1571 http fetch GET 200 https://registry.npmjs.org/@esbuild%2fsunos-x64 145ms (cache miss)
1572 silly packumentCache full:https://registry.npmjs.org/@esbuild%2fsunos-x64 set size:undefined disposed:false
1573 silly fetch manifest @esbuild/win32-x64@0.18.20
1574 silly packumentCache full:https://registry.npmjs.org/@esbuild%2fwin32-x64 cache-miss
1575 http fetch GET 200 https://registry.npmjs.org/@esbuild%2fwin32-x64 38ms (cache miss)
1576 silly packumentCache full:https://registry.npmjs.org/@esbuild%2fwin32-x64 set size:undefined disposed:false
1577 silly fetch manifest @esbuild/darwin-x64@0.18.20
1578 silly packumentCache full:https://registry.npmjs.org/@esbuild%2fdarwin-x64 cache-miss
1579 http fetch GET 200 https://registry.npmjs.org/@esbuild%2fdarwin-x64 174ms (cache miss)
1580 silly packumentCache full:https://registry.npmjs.org/@esbuild%2fdarwin-x64 set size:undefined disposed:false
1581 silly fetch manifest @esbuild/linux-ia32@0.18.20
1582 silly packumentCache full:https://registry.npmjs.org/@esbuild%2flinux-ia32 cache-miss
1583 http fetch GET 200 https://registry.npmjs.org/@esbuild%2flinux-ia32 36ms (cache miss)
1584 silly packumentCache full:https://registry.npmjs.org/@esbuild%2flinux-ia32 set size:undefined disposed:false
1585 silly fetch manifest @esbuild/netbsd-x64@0.18.20
1586 silly packumentCache full:https://registry.npmjs.org/@esbuild%2fnetbsd-x64 cache-miss
1587 http fetch GET 200 https://registry.npmjs.org/@esbuild%2fnetbsd-x64 132ms (cache miss)
1588 silly packumentCache full:https://registry.npmjs.org/@esbuild%2fnetbsd-x64 set size:undefined disposed:false
1589 silly fetch manifest @esbuild/win32-ia32@0.18.20
1590 silly packumentCache full:https://registry.npmjs.org/@esbuild%2fwin32-ia32 cache-miss
1591 http fetch GET 200 https://registry.npmjs.org/@esbuild%2fwin32-ia32 47ms (cache miss)
1592 silly packumentCache full:https://registry.npmjs.org/@esbuild%2fwin32-ia32 set size:undefined disposed:false
1593 silly fetch manifest @esbuild/android-arm@0.18.20
1594 silly packumentCache full:https://registry.npmjs.org/@esbuild%2fandroid-arm cache-miss
1595 http fetch GET 200 https://registry.npmjs.org/@esbuild%2fandroid-arm 120ms (cache miss)
1596 silly packumentCache full:https://registry.npmjs.org/@esbuild%2fandroid-arm set size:undefined disposed:false
1597 silly fetch manifest @esbuild/android-x64@0.18.20
1598 silly packumentCache full:https://registry.npmjs.org/@esbuild%2fandroid-x64 cache-miss
1599 http fetch GET 200 https://registry.npmjs.org/@esbuild%2fandroid-x64 43ms (cache miss)
1600 silly packumentCache full:https://registry.npmjs.org/@esbuild%2fandroid-x64 set size:undefined disposed:false
1601 silly fetch manifest @esbuild/freebsd-x64@0.18.20
1602 silly packumentCache full:https://registry.npmjs.org/@esbuild%2ffreebsd-x64 cache-miss
1603 http fetch GET 200 https://registry.npmjs.org/@esbuild%2ffreebsd-x64 116ms (cache miss)
1604 silly packumentCache full:https://registry.npmjs.org/@esbuild%2ffreebsd-x64 set size:undefined disposed:false
1605 silly fetch manifest @esbuild/linux-arm64@0.18.20
1606 silly packumentCache full:https://registry.npmjs.org/@esbuild%2flinux-arm64 cache-miss
1607 http fetch GET 200 https://registry.npmjs.org/@esbuild%2flinux-arm64 37ms (cache miss)
1608 silly packumentCache full:https://registry.npmjs.org/@esbuild%2flinux-arm64 set size:undefined disposed:false
1609 silly fetch manifest @esbuild/linux-ppc64@0.18.20
1610 silly packumentCache full:https://registry.npmjs.org/@esbuild%2flinux-ppc64 cache-miss
1611 http fetch GET 200 https://registry.npmjs.org/@esbuild%2flinux-ppc64 68ms (cache miss)
1612 silly packumentCache full:https://registry.npmjs.org/@esbuild%2flinux-ppc64 set size:undefined disposed:false
1613 silly fetch manifest @esbuild/linux-s390x@0.18.20
1614 silly packumentCache full:https://registry.npmjs.org/@esbuild%2flinux-s390x cache-miss
1615 http fetch GET 200 https://registry.npmjs.org/@esbuild%2flinux-s390x 49ms (cache miss)
1616 silly packumentCache full:https://registry.npmjs.org/@esbuild%2flinux-s390x set size:undefined disposed:false
1617 silly fetch manifest @esbuild/openbsd-x64@0.18.20
1618 silly packumentCache full:https://registry.npmjs.org/@esbuild%2fopenbsd-x64 cache-miss
1619 http fetch GET 200 https://registry.npmjs.org/@esbuild%2fopenbsd-x64 55ms (cache miss)
1620 silly packumentCache full:https://registry.npmjs.org/@esbuild%2fopenbsd-x64 set size:undefined disposed:false
1621 silly fetch manifest @esbuild/win32-arm64@0.18.20
1622 silly packumentCache full:https://registry.npmjs.org/@esbuild%2fwin32-arm64 cache-miss
1623 http fetch GET 200 https://registry.npmjs.org/@esbuild%2fwin32-arm64 66ms (cache miss)
1624 silly packumentCache full:https://registry.npmjs.org/@esbuild%2fwin32-arm64 set size:undefined disposed:false
1625 silly fetch manifest @esbuild/darwin-arm64@0.18.20
1626 silly packumentCache full:https://registry.npmjs.org/@esbuild%2fdarwin-arm64 cache-miss
1627 http fetch GET 200 https://registry.npmjs.org/@esbuild%2fdarwin-arm64 74ms (cache miss)
1628 silly packumentCache full:https://registry.npmjs.org/@esbuild%2fdarwin-arm64 set size:undefined disposed:false
1629 silly fetch manifest @esbuild/android-arm64@0.18.20
1630 silly packumentCache full:https://registry.npmjs.org/@esbuild%2fandroid-arm64 cache-miss
1631 http fetch GET 200 https://registry.npmjs.org/@esbuild%2fandroid-arm64 47ms (cache miss)
1632 silly packumentCache full:https://registry.npmjs.org/@esbuild%2fandroid-arm64 set size:undefined disposed:false
1633 silly fetch manifest @esbuild/freebsd-arm64@0.18.20
1634 silly packumentCache full:https://registry.npmjs.org/@esbuild%2ffreebsd-arm64 cache-miss
1635 http fetch GET 200 https://registry.npmjs.org/@esbuild%2ffreebsd-arm64 59ms (cache miss)
1636 silly packumentCache full:https://registry.npmjs.org/@esbuild%2ffreebsd-arm64 set size:undefined disposed:false
1637 silly fetch manifest @esbuild/linux-loong64@0.18.20
1638 silly packumentCache full:https://registry.npmjs.org/@esbuild%2flinux-loong64 cache-miss
1639 http fetch GET 200 https://registry.npmjs.org/@esbuild%2flinux-loong64 44ms (cache miss)
1640 silly packumentCache full:https://registry.npmjs.org/@esbuild%2flinux-loong64 set size:undefined disposed:false
1641 silly fetch manifest @esbuild/linux-riscv64@0.18.20
1642 silly packumentCache full:https://registry.npmjs.org/@esbuild%2flinux-riscv64 cache-miss
1643 http fetch GET 200 https://registry.npmjs.org/@esbuild%2flinux-riscv64 114ms (cache miss)
1644 silly packumentCache full:https://registry.npmjs.org/@esbuild%2flinux-riscv64 set size:undefined disposed:false
1645 silly fetch manifest @esbuild/linux-mips64el@0.18.20
1646 silly packumentCache full:https://registry.npmjs.org/@esbuild%2flinux-mips64el cache-miss
1647 http fetch GET 200 https://registry.npmjs.org/@esbuild%2flinux-mips64el 36ms (cache miss)
1648 silly packumentCache full:https://registry.npmjs.org/@esbuild%2flinux-mips64el set size:undefined disposed:false
1649 silly fetch manifest nanoid@^3.3.16
1650 silly packumentCache full:https://registry.npmjs.org/nanoid cache-miss
1651 http fetch GET 200 https://registry.npmjs.org/nanoid 53ms (cache miss)
1652 silly packumentCache full:https://registry.npmjs.org/nanoid set size:undefined disposed:false
1653 silly fetch manifest source-map-js@^1.2.1
1654 silly packumentCache full:https://registry.npmjs.org/source-map-js cache-miss
1655 http fetch GET 200 https://registry.npmjs.org/source-map-js 23ms (cache miss)
1656 silly packumentCache full:https://registry.npmjs.org/source-map-js set size:undefined disposed:false
1657 silly placeDep ROOT @esbuild/android-arm@0.18.20 OK for: esbuild@0.18.20 want: 0.18.20
1658 silly placeDep ROOT @esbuild/android-arm64@0.18.20 OK for: esbuild@0.18.20 want: 0.18.20
1659 silly placeDep ROOT @esbuild/android-x64@0.18.20 OK for: esbuild@0.18.20 want: 0.18.20
1660 silly placeDep ROOT @esbuild/darwin-arm64@0.18.20 OK for: esbuild@0.18.20 want: 0.18.20
1661 silly placeDep ROOT @esbuild/darwin-x64@0.18.20 OK for: esbuild@0.18.20 want: 0.18.20
1662 silly placeDep ROOT @esbuild/freebsd-arm64@0.18.20 OK for: esbuild@0.18.20 want: 0.18.20
1663 silly placeDep ROOT @esbuild/freebsd-x64@0.18.20 OK for: esbuild@0.18.20 want: 0.18.20
1664 silly placeDep ROOT @esbuild/linux-arm@0.18.20 OK for: esbuild@0.18.20 want: 0.18.20
1665 silly placeDep ROOT @esbuild/linux-arm64@0.18.20 OK for: esbuild@0.18.20 want: 0.18.20
1666 silly placeDep ROOT @esbuild/linux-ia32@0.18.20 OK for: esbuild@0.18.20 want: 0.18.20
1667 silly placeDep ROOT @esbuild/linux-loong64@0.18.20 OK for: esbuild@0.18.20 want: 0.18.20
1668 silly placeDep ROOT @esbuild/linux-mips64el@0.18.20 OK for: esbuild@0.18.20 want: 0.18.20
1669 silly placeDep ROOT @esbuild/linux-ppc64@0.18.20 OK for: esbuild@0.18.20 want: 0.18.20
1670 silly placeDep ROOT @esbuild/linux-riscv64@0.18.20 OK for: esbuild@0.18.20 want: 0.18.20
1671 silly placeDep ROOT @esbuild/linux-s390x@0.18.20 OK for: esbuild@0.18.20 want: 0.18.20
1672 silly placeDep ROOT @esbuild/linux-x64@0.18.20 OK for: esbuild@0.18.20 want: 0.18.20
1673 silly placeDep ROOT @esbuild/netbsd-x64@0.18.20 OK for: esbuild@0.18.20 want: 0.18.20
1674 silly placeDep ROOT @esbuild/openbsd-x64@0.18.20 OK for: esbuild@0.18.20 want: 0.18.20
1675 silly placeDep ROOT @esbuild/sunos-x64@0.18.20 OK for: esbuild@0.18.20 want: 0.18.20
1676 silly placeDep ROOT @esbuild/win32-arm64@0.18.20 OK for: esbuild@0.18.20 want: 0.18.20
1677 silly placeDep ROOT @esbuild/win32-ia32@0.18.20 OK for: esbuild@0.18.20 want: 0.18.20
1678 silly placeDep ROOT @esbuild/win32-x64@0.18.20 OK for: esbuild@0.18.20 want: 0.18.20
1679 silly placeDep ROOT nanoid@3.3.16 OK for: postcss@8.5.23 want: ^3.3.16
1680 silly placeDep ROOT source-map-js@1.2.1 OK for: postcss@8.5.23 want: ^1.2.1
1681 silly placeDep ROOT isexe@2.0.0 OK for: which@2.0.2 want: ^2.0.0
1682 silly placeDep ROOT is-bigint@1.1.0 OK for: which-boxed-primitive@1.1.1 want: ^1.1.0
1683 silly placeDep ROOT is-boolean-object@1.2.2 OK for: which-boxed-primitive@1.1.1 want: ^1.2.1
1684 silly placeDep ROOT is-number-object@1.1.1 OK for: which-boxed-primitive@1.1.1 want: ^1.1.1
1685 silly placeDep ROOT is-async-function@2.1.1 OK for: which-builtin-type@1.2.1 want: ^2.0.0
1686 silly placeDep ROOT is-finalizationregistry@1.1.1 OK for: which-builtin-type@1.2.1 want: ^1.1.0
1687 silly placeDep ROOT is-generator-function@1.1.2 OK for: which-builtin-type@1.2.1 want: ^1.0.10
1688 silly placeDep ROOT which-collection@1.0.2 OK for: which-builtin-type@1.2.1 want: ^1.0.2
1689 silly fetch manifest async-function@^1.0.0
1690 silly packumentCache full:https://registry.npmjs.org/async-function cache-miss
1691 http fetch GET 200 https://registry.npmjs.org/async-function 24ms (cache miss)
1692 silly packumentCache full:https://registry.npmjs.org/async-function set size:undefined disposed:false
1693 silly fetch manifest generator-function@^2.0.0
1694 silly packumentCache full:https://registry.npmjs.org/generator-function cache-miss
1695 http fetch GET 200 https://registry.npmjs.org/generator-function 20ms (cache miss)
1696 silly packumentCache full:https://registry.npmjs.org/generator-function set size:undefined disposed:false
1697 silly fetch manifest is-map@^2.0.3
1698 silly packumentCache full:https://registry.npmjs.org/is-map cache-miss
1699 http fetch GET 200 https://registry.npmjs.org/is-map 24ms (cache miss)
1700 silly packumentCache full:https://registry.npmjs.org/is-map set size:undefined disposed:false
1701 silly fetch manifest is-weakmap@^2.0.2
1702 silly packumentCache full:https://registry.npmjs.org/is-weakmap cache-miss
1703 http fetch GET 200 https://registry.npmjs.org/is-weakmap 21ms (cache miss)
1704 silly packumentCache full:https://registry.npmjs.org/is-weakmap set size:undefined disposed:false
1705 silly fetch manifest is-weakset@^2.0.3
1706 silly packumentCache full:https://registry.npmjs.org/is-weakset cache-miss
1707 http fetch GET 200 https://registry.npmjs.org/is-weakset 22ms (cache miss)
1708 silly packumentCache full:https://registry.npmjs.org/is-weakset set size:undefined disposed:false
1709 silly placeDep ROOT async-function@1.0.0 OK for: is-async-function@2.1.1 want: ^1.0.0
1710 silly placeDep ROOT generator-function@2.0.1 OK for: is-generator-function@1.1.2 want: ^2.0.0
1711 silly placeDep ROOT is-map@2.0.3 OK for: which-collection@1.0.2 want: ^2.0.3
1712 silly placeDep ROOT is-weakmap@2.0.2 OK for: which-collection@1.0.2 want: ^2.0.2
1713 silly placeDep ROOT is-weakset@2.0.4 OK for: which-collection@1.0.2 want: ^2.0.3
1714 silly reify moves {}
1715 silly audit bulk request {
1715 silly audit   '@types/react': [ '18.3.31' ],
1715 silly audit   '@types/react-dom': [ '18.3.7' ],
1715 silly audit   '@vitejs/plugin-react': [ '4.7.0' ],
1715 silly audit   vite: [ '4.5.14' ],
1715 silly audit   eslint: [ '8.57.1' ],
1715 silly audit   'eslint-plugin-react': [ '7.37.5' ],
1715 silly audit   'eslint-plugin-react-hooks': [ '4.6.2' ],
1715 silly audit   'lucide-react': [ '0.263.1' ],
1715 silly audit   react: [ '18.3.1' ],
1715 silly audit   'react-dom': [ '18.3.1' ],
1715 silly audit   '@types/prop-types': [ '15.7.15' ],
1715 silly audit   csstype: [ '3.2.3' ],
1715 silly audit   '@babel/core': [ '7.29.7' ],
1715 silly audit   '@babel/plugin-transform-react-jsx-self': [ '7.29.7' ],
1715 silly audit   '@babel/plugin-transform-react-jsx-source': [ '7.29.7' ],
1715 silly audit   '@rolldown/pluginutils': [ '1.0.0-beta.27' ],
1715 silly audit   '@types/babel__core': [ '7.20.5' ],
1715 silly audit   'react-refresh': [ '0.17.0' ],
1715 silly audit   '@babel/code-frame': [ '7.29.7' ],
1715 silly audit   '@babel/generator': [ '7.29.7' ],
1715 silly audit   '@babel/helper-compilation-targets': [ '7.29.7' ],
1715 silly audit   '@babel/helper-module-transforms': [ '7.29.7' ],
1715 silly audit   '@babel/helpers': [ '7.29.7' ],
1715 silly audit   '@babel/parser': [ '7.29.7' ],
1715 silly audit   '@babel/template': [ '7.29.7' ],
1715 silly audit   '@babel/traverse': [ '7.29.7' ],
1715 silly audit   '@babel/types': [ '7.29.7' ],
1715 silly audit   '@jridgewell/remapping': [ '2.3.5' ],
1715 silly audit   'convert-source-map': [ '2.0.0' ],
1715 silly audit   debug: [ '4.4.3' ],
1715 silly audit   gensync: [ '1.0.0-beta.2' ],
1715 silly audit   json5: [ '2.2.3' ],
1715 silly audit   semver: [ '6.3.1' ],
1715 silly audit   '@babel/helper-validator-identifier': [ '7.29.7' ],
1715 silly audit   'js-tokens': [ '4.0.0' ],
1715 silly audit   picocolors: [ '1.1.1' ],
1715 silly audit   '@jridgewell/gen-mapping': [ '0.3.13' ],
1715 silly audit   '@jridgewell/trace-mapping': [ '0.3.31' ],
1715 silly audit   jsesc: [ '3.1.0' ],
1715 silly audit   '@babel/compat-data': [ '7.29.7' ],
1715 silly audit   '@babel/helper-validator-option': [ '7.29.7' ],
1715 silly audit   browserslist: [ '4.28.7' ],
1715 silly audit   'lru-cache': [ '5.1.1' ],
1715 silly audit   '@babel/helper-module-imports': [ '7.29.7' ],
1715 silly audit   '@babel/helper-plugin-utils': [ '7.29.7' ],
1715 silly audit   '@babel/helper-globals': [ '7.29.7' ],
1715 silly audit   '@babel/helper-string-parser': [ '7.29.7' ],
1715 silly audit   '@jridgewell/sourcemap-codec': [ '1.5.5' ],
1715 silly audit   '@jridgewell/resolve-uri': [ '3.1.2' ],
1715 silly audit   '@types/babel__generator': [ '7.27.0' ],
1715 silly audit   '@types/babel__template': [ '7.4.4' ],
1715 silly audit   '@types/babel__traverse': [ '7.28.0' ],
1715 silly audit   'baseline-browser-mapping': [ '2.11.5' ],
1715 silly audit   'caniuse-lite': [ '1.0.30001806' ],
1715 silly audit   'electron-to-chromium': [ '1.5.396' ],
1715 silly audit   'node-releases': [ '2.0.51' ],
1715 silly audit   'update-browserslist-db': [ '1.2.3' ],
1715 silly audit   ms: [ '2.1.3' ],
1715 silly audit   '@eslint-community/eslint-utils': [ '4.10.1' ],
1715 silly audit   '@eslint-community/regexpp': [ '4.12.2' ],
1715 silly audit   '@eslint/eslintrc': [ '2.1.4' ],
1715 silly audit   '@eslint/js': [ '8.57.1' ],
1715 silly audit   '@humanwhocodes/config-array': [ '0.13.0' ],
1715 silly audit   '@humanwhocodes/module-importer': [ '1.0.1' ],
1715 silly audit   '@nodelib/fs.walk': [ '1.2.8' ],
1715 silly audit   '@ungap/structured-clone': [ '1.3.3' ],
1715 silly audit   ajv: [ '6.15.0' ],
1715 silly audit   chalk: [ '4.1.2' ],
1715 silly audit   'cross-spawn': [ '7.0.6' ],
1715 silly audit   doctrine: [ '3.0.0', '2.1.0' ],
1715 silly audit   'escape-string-regexp': [ '4.0.0' ],
1715 silly audit   'eslint-scope': [ '7.2.2' ],
1715 silly audit   'eslint-visitor-keys': [ '3.4.3' ],
1715 silly audit   espree: [ '9.6.1' ],
1715 silly audit   esquery: [ '1.7.0' ],
1715 silly audit   esutils: [ '2.0.3' ],
1715 silly audit   'fast-deep-equal': [ '3.1.3' ],
1715 silly audit   'file-entry-cache': [ '6.0.1' ],
1715 silly audit   'find-up': [ '5.0.0' ],
1715 silly audit   'glob-parent': [ '6.0.2' ],
1715 silly audit   globals: [ '13.24.0' ],
1715 silly audit   graphemer: [ '1.4.0' ],
1715 silly audit   ignore: [ '5.3.2' ],
1715 silly audit   imurmurhash: [ '0.1.4' ],
1715 silly audit   'is-glob': [ '4.0.3' ],
1715 silly audit   'is-path-inside': [ '3.0.3' ],
1715 silly audit   'js-yaml': [ '4.3.0' ],
1715 silly audit   'json-stable-stringify-without-jsonify': [ '1.0.1' ],
1715 silly audit   levn: [ '0.4.1' ],
1715 silly audit   'lodash.merge': [ '4.6.2' ],
1715 silly audit   minimatch: [ '3.1.5' ],
1715 silly audit   'natural-compare': [ '1.4.0' ],
1715 silly audit   optionator: [ '0.9.4' ],
1715 silly audit   'strip-ansi': [ '6.0.1' ],
1715 silly audit   'text-table': [ '0.2.0' ],
1715 silly audit   'import-fresh': [ '3.3.1' ],
1715 silly audit   'strip-json-comments': [ '3.1.1' ],
1715 silly audit   '@humanwhocodes/object-schema': [ '2.0.3' ],
1715 silly audit   '@nodelib/fs.scandir': [ '2.1.5' ],
1715 silly audit   fastq: [ '1.20.1' ],
1715 silly audit   '@nodelib/fs.stat': [ '2.0.5' ],
1715 silly audit   'run-parallel': [ '1.2.0' ],
1715 silly audit   'fast-json-stable-stringify': [ '2.1.0' ],
1715 silly audit   'json-schema-traverse': [ '0.4.1' ],
1715 silly audit   'uri-js': [ '4.4.1' ],
1715 silly audit   'ansi-styles': [ '4.3.0' ],
1715 silly audit   'supports-color': [ '7.2.0' ],
1715 silly audit   'color-convert': [ '2.0.1' ],
1715 silly audit   'color-name': [ '1.1.4' ],
1715 silly audit   'path-key': [ '3.1.1' ],
1715 silly audit   'shebang-command': [ '2.0.0' ],
1715 silly audit   which: [ '2.0.2' ],
1715 silly audit   'array-includes': [ '3.1.9' ],
1715 silly audit   'array.prototype.findlast': [ '1.2.5' ],
1715 silly audit   'array.prototype.flatmap': [ '1.3.3' ],
1715 silly audit   'array.prototype.tosorted': [ '1.1.4' ],
1715 silly audit   'es-iterator-helpers': [ '1.4.0' ],
1715 silly audit   estraverse: [ '5.3.0' ],
1715 silly audit   hasown: [ '2.0.4' ],
1715 silly audit   'jsx-ast-utils': [ '3.3.5' ],
1715 silly audit   'object.entries': [ '1.1.9' ],
1715 silly audit   'object.fromentries': [ '2.0.8' ],
1715 silly audit   'object.values': [ '1.2.1' ],
1715 silly audit   'prop-types': [ '15.8.1' ],
1715 silly audit   resolve: [ '2.0.0-next.7' ],
1715 silly audit   'string.prototype.matchall': [ '4.0.12' ],
1715 silly audit   'string.prototype.repeat': [ '1.0.0' ],
1715 silly audit   'call-bind': [ '1.0.9' ],
1715 silly audit   'call-bound': [ '1.0.4' ],
1715 silly audit   'define-properties': [ '1.2.1' ],
1715 silly audit   'es-abstract': [ '1.24.2' ],
1715 silly audit   'es-object-atoms': [ '1.1.2' ],
1715 silly audit   'get-intrinsic': [ '1.3.0' ],
1715 silly audit   'is-string': [ '1.1.1' ],
1715 silly audit   'math-intrinsics': [ '1.1.0' ],
1715 silly audit   'es-errors': [ '1.3.0' ],
1715 silly audit   'es-shim-unscopables': [ '1.1.0' ],
1715 silly audit   'call-bind-apply-helpers': [ '1.0.2' ],
1715 silly audit   'es-define-property': [ '1.0.1' ],
1715 silly audit   'set-function-length': [ '1.2.2' ],
1715 silly audit   'function-bind': [ '1.1.2' ],
1715 silly audit   'define-data-property': [ '1.1.4' ],
1715 silly audit   'has-property-descriptors': [ '1.0.2' ],
1715 silly audit   'object-keys': [ '1.1.1' ],
1715 silly audit   gopd: [ '1.2.0' ],
1715 silly audit   'array-buffer-byte-length': [ '1.0.2' ],
1715 silly audit   'arraybuffer.prototype.slice': [ '1.0.4' ],
1715 silly audit   'available-typed-arrays': [ '1.0.7' ],
1715 silly audit   'data-view-buffer': [ '1.0.2' ],
1715 silly audit   'data-view-byte-length': [ '1.0.2' ],
1715 silly audit   'data-view-byte-offset': [ '1.0.1' ],
1715 silly audit   'es-set-tostringtag': [ '2.1.0' ],
1715 silly audit   'es-to-primitive': [ '1.3.4' ],
1715 silly audit   'function.prototype.name': [ '1.2.0' ],
1715 silly audit   'get-proto': [ '1.0.1' ],
1715 silly audit   'get-symbol-description': [ '1.1.0' ],
1715 silly audit   globalthis: [ '1.0.4' ],
1715 silly audit   'has-proto': [ '1.2.0' ],
1715 silly audit   'has-symbols': [ '1.1.0' ],
1715 silly audit   'internal-slot': [ '1.1.0' ],
1715 silly audit   'is-array-buffer': [ '3.0.5' ],
1715 silly audit   'is-callable': [ '1.2.7' ],
1715 silly audit   'is-data-view': [ '1.0.2' ],
1715 silly audit   'is-negative-zero': [ '2.0.3' ],
1715 silly audit   'is-regex': [ '1.2.1' ],
1715 silly audit   'is-set': [ '2.0.3' ],
1715 silly audit   'is-shared-array-buffer': [ '1.0.4' ],
1715 silly audit   'is-typed-array': [ '1.1.15' ],
1715 silly audit   'is-weakref': [ '1.1.1' ],
1715 silly audit   'object-inspect': [ '1.13.4' ],
1715 silly audit   'object.assign': [ '4.1.7' ],
1715 silly audit   'own-keys': [ '1.0.2' ],
1715 silly audit   'regexp.prototype.flags': [ '1.5.4' ],
1715 silly audit   'safe-array-concat': [ '1.1.4' ],
1715 silly audit   'safe-push-apply': [ '1.0.0' ],
1715 silly audit   'safe-regex-test': [ '1.1.0' ],
1715 silly audit   'set-proto': [ '1.0.0' ],
1715 silly audit   'stop-iteration-iterator': [ '1.1.0' ],
1715 silly audit   'string.prototype.trim': [ '1.2.11' ],
1715 silly audit   'string.prototype.trimend': [ '1.0.10' ],
1715 silly audit   'string.prototype.trimstart': [ '1.0.8' ],
1715 silly audit   'typed-array-buffer': [ '1.0.3' ],
1715 silly audit   'typed-array-byte-length': [ '1.0.3' ],
1715 silly audit   'typed-array-byte-offset': [ '1.0.4' ],
1715 silly audit   'typed-array-length': [ '1.0.8' ],
1715 silly audit   'unbox-primitive': [ '1.1.0' ],
1715 silly audit   'which-typed-array': [ '1.1.22' ],
1715 silly audit   'possible-typed-array-names': [ '1.1.0' ],
1715 silly audit   'iterator.prototype': [ '1.1.5' ],
1715 silly audit   'has-tostringtag': [ '1.0.2' ],
1715 silly audit   'es-abstract-get': [ '1.0.0' ],
1715 silly audit   'is-date-object': [ '1.1.0' ],
1715 silly audit   'is-symbol': [ '1.1.1' ],
1715 silly audit   esrecurse: [ '4.3.0' ],
1715 silly audit   acorn: [ '8.17.0' ],
1715 silly audit   'acorn-jsx': [ '5.3.2' ],
1715 silly audit   reusify: [ '1.1.0' ],
1715 silly audit   'flat-cache': [ '3.2.0' ],
1715 silly audit   'locate-path': [ '6.0.0' ],
1715 silly audit   'path-exists': [ '4.0.0' ],
1715 silly audit   flatted: [ '3.4.3' ],
1715 silly audit   keyv: [ '4.5.4' ],
1715 silly audit   rimraf: [ '3.0.2' ],
1715 silly audit   'functions-have-names': [ '1.2.3' ],
1715 silly audit   'is-document.all': [ '1.0.0' ],
1715 silly audit   'dunder-proto': [ '1.0.1' ],
1715 silly audit   'type-fest': [ '0.20.2' ],
1715 silly audit   'parent-module': [ '1.0.1' ],
1715 silly audit   'resolve-from': [ '4.0.0' ],
1715 silly audit   'side-channel': [ '1.1.1' ],
1715 silly audit   'is-extglob': [ '2.1.1' ],
1715 silly audit   'set-function-name': [ '2.0.2' ],
1715 silly audit   argparse: [ '2.0.1' ],
1715 silly audit   'array.prototype.flat': [ '1.3.3' ],
1715 silly audit   'json-buffer': [ '3.0.1' ],
1715 silly audit   'prelude-ls': [ '1.2.1' ],
1715 silly audit   'type-check': [ '0.4.0' ],
1715 silly audit   'p-locate': [ '5.0.0' ],
1715 silly audit   yallist: [ '3.1.1' ],
1715 silly audit   'brace-expansion': [ '1.1.16' ],
1715 silly audit   'balanced-match': [ '1.0.2' ],
1715 silly audit   'concat-map': [ '0.0.1' ],
1715 silly audit   'deep-is': [ '0.1.4' ],
1715 silly audit   'fast-levenshtein': [ '2.0.6' ],
1715 silly audit   'word-wrap': [ '1.2.5' ],
1715 silly audit   'p-limit': [ '3.1.0' ],
1715 silly audit   'yocto-queue': [ '0.1.0' ],
1715 silly audit   callsites: [ '3.1.0' ],
1715 silly audit   'loose-envify': [ '1.4.0' ],
1715 silly audit   'object-assign': [ '4.1.1' ],
1715 silly audit   'react-is': [ '16.13.1' ],
1715 silly audit   scheduler: [ '0.23.2' ],
1715 silly audit   'is-core-module': [ '2.16.2' ],
1715 silly audit   'node-exports-info': [ '1.6.2' ],
1715 silly audit   'path-parse': [ '1.0.7' ],
1715 silly audit   'supports-preserve-symlinks-flag': [ '1.0.0' ],
1715 silly audit   glob: [ '7.2.3' ],
1715 silly audit   'fs.realpath': [ '1.0.0' ],
1715 silly audit   inflight: [ '1.0.6' ],
1715 silly audit   inherits: [ '2.0.4' ],
1715 silly audit   once: [ '1.4.0' ],
1715 silly audit   'path-is-absolute': [ '1.0.1' ],
1715 silly audit   wrappy: [ '1.0.2' ],
1715 silly audit   'queue-microtask': [ '1.2.3' ],
1715 silly audit   isarray: [ '2.0.5' ],
1715 silly audit   'shebang-regex': [ '3.0.0' ],
1715 silly audit   'side-channel-list': [ '1.0.1' ],
1715 silly audit   'side-channel-map': [ '1.0.1' ],
1715 silly audit   'side-channel-weakmap': [ '1.0.2' ],
1715 silly audit   'ansi-regex': [ '5.0.1' ],
1715 silly audit   'has-flag': [ '4.0.0' ],
1715 silly audit   'for-each': [ '0.3.5' ],
1715 silly audit   'reflect.getprototypeof': [ '1.0.10' ],
1715 silly audit   'which-builtin-type': [ '1.2.1' ],
1715 silly audit   'has-bigints': [ '1.1.0' ],
1715 silly audit   'which-boxed-primitive': [ '1.1.1' ],
1715 silly audit   escalade: [ '3.2.0' ],
1715 silly audit   punycode: [ '2.3.1' ],
1715 silly audit   esbuild: [ '0.18.20' ],
1715 silly audit   fsevents: [ '2.3.3' ],
1715 silly audit   postcss: [ '8.5.23' ],
1715 silly audit   rollup: [ '3.30.0' ],
1715 silly audit   '@esbuild/android-arm': [ '0.18.20' ],
1715 silly audit   '@esbuild/android-arm64': [ '0.18.20' ],
1715 silly audit   '@esbuild/android-x64': [ '0.18.20' ],
1715 silly audit   '@esbuild/darwin-arm64': [ '0.18.20' ],
1715 silly audit   '@esbuild/darwin-x64': [ '0.18.20' ],
1715 silly audit   '@esbuild/freebsd-arm64': [ '0.18.20' ],
1715 silly audit   '@esbuild/freebsd-x64': [ '0.18.20' ],
1715 silly audit   '@esbuild/linux-arm': [ '0.18.20' ],
1715 silly audit   '@esbuild/linux-arm64': [ '0.18.20' ],
1715 silly audit   '@esbuild/linux-ia32': [ '0.18.20' ],
1715 silly audit   '@esbuild/linux-loong64': [ '0.18.20' ],
1715 silly audit   '@esbuild/linux-mips64el': [ '0.18.20' ],
1715 silly audit   '@esbuild/linux-ppc64': [ '0.18.20' ],
1715 silly audit   '@esbuild/linux-riscv64': [ '0.18.20' ],
1715 silly audit   '@esbuild/linux-s390x': [ '0.18.20' ],
1715 silly audit   '@esbuild/linux-x64': [ '0.18.20' ],
1715 silly audit   '@esbuild/netbsd-x64': [ '0.18.20' ],
1715 silly audit   '@esbuild/openbsd-x64': [ '0.18.20' ],
1715 silly audit   '@esbuild/sunos-x64': [ '0.18.20' ],
1715 silly audit   '@esbuild/win32-arm64': [ '0.18.20' ],
1715 silly audit   '@esbuild/win32-ia32': [ '0.18.20' ],
1715 silly audit   '@esbuild/win32-x64': [ '0.18.20' ],
1715 silly audit   nanoid: [ '3.3.16' ],
1715 silly audit   'source-map-js': [ '1.2.1' ],
1715 silly audit   isexe: [ '2.0.0' ],
1715 silly audit   'is-bigint': [ '1.1.0' ],
1715 silly audit   'is-boolean-object': [ '1.2.2' ],
1715 silly audit   'is-number-object': [ '1.1.1' ],
1715 silly audit   'is-async-function': [ '2.1.1' ],
1715 silly audit   'is-finalizationregistry': [ '1.1.1' ],
1715 silly audit   'is-generator-function': [ '1.1.2' ],
1715 silly audit   'which-collection': [ '1.0.2' ],
1715 silly audit   'async-function': [ '1.0.0' ],
1715 silly audit   'generator-function': [ '2.0.1' ],
1715 silly audit   'is-map': [ '2.0.3' ],
1715 silly audit   'is-weakmap': [ '2.0.2' ],
1715 silly audit   'is-weakset': [ '2.0.4' ]
1715 silly audit }
1716 verbose reify failed optional dependency /home/user/node_modules/@esbuild/win32-x64
1717 silly reify mark deleted [ '/home/user/node_modules/@esbuild/win32-x64' ]
1718 verbose reify failed optional dependency /home/user/node_modules/@esbuild/win32-ia32
1719 silly reify mark deleted [ '/home/user/node_modules/@esbuild/win32-ia32' ]
1720 verbose reify failed optional dependency /home/user/node_modules/@esbuild/win32-arm64
1721 silly reify mark deleted [ '/home/user/node_modules/@esbuild/win32-arm64' ]
1722 verbose reify failed optional dependency /home/user/node_modules/@esbuild/sunos-x64
1723 silly reify mark deleted [ '/home/user/node_modules/@esbuild/sunos-x64' ]
1724 verbose reify failed optional dependency /home/user/node_modules/@esbuild/openbsd-x64
1725 silly reify mark deleted [ '/home/user/node_modules/@esbuild/openbsd-x64' ]
1726 verbose reify failed optional dependency /home/user/node_modules/@esbuild/netbsd-x64
1727 silly reify mark deleted [ '/home/user/node_modules/@esbuild/netbsd-x64' ]
1728 verbose reify failed optional dependency /home/user/node_modules/@esbuild/linux-s390x
1729 silly reify mark deleted [ '/home/user/node_modules/@esbuild/linux-s390x' ]
1730 verbose reify failed optional dependency /home/user/node_modules/@esbuild/linux-riscv64
1731 silly reify mark deleted [ '/home/user/node_modules/@esbuild/linux-riscv64' ]
1732 verbose reify failed optional dependency /home/user/node_modules/@esbuild/linux-ppc64
1733 silly reify mark deleted [ '/home/user/node_modules/@esbuild/linux-ppc64' ]
1734 verbose reify failed optional dependency /home/user/node_modules/@esbuild/linux-mips64el
1735 silly reify mark deleted [ '/home/user/node_modules/@esbuild/linux-mips64el' ]
1736 verbose reify failed optional dependency /home/user/node_modules/@esbuild/linux-loong64
1737 silly reify mark deleted [ '/home/user/node_modules/@esbuild/linux-loong64' ]
1738 verbose reify failed optional dependency /home/user/node_modules/@esbuild/linux-ia32
1739 silly reify mark deleted [ '/home/user/node_modules/@esbuild/linux-ia32' ]
1740 verbose reify failed optional dependency /home/user/node_modules/@esbuild/linux-arm64
1741 silly reify mark deleted [ '/home/user/node_modules/@esbuild/linux-arm64' ]
1742 verbose reify failed optional dependency /home/user/node_modules/@esbuild/linux-arm
1743 silly reify mark deleted [ '/home/user/node_modules/@esbuild/linux-arm' ]
1744 verbose reify failed optional dependency /home/user/node_modules/@esbuild/freebsd-x64
1745 silly reify mark deleted [ '/home/user/node_modules/@esbuild/freebsd-x64' ]
1746 verbose reify failed optional dependency /home/user/node_modules/@esbuild/freebsd-arm64
1747 silly reify mark deleted [ '/home/user/node_modules/@esbuild/freebsd-arm64' ]
1748 verbose reify failed optional dependency /home/user/node_modules/@esbuild/darwin-x64
1749 silly reify mark deleted [ '/home/user/node_modules/@esbuild/darwin-x64' ]
1750 verbose reify failed optional dependency /home/user/node_modules/@esbuild/darwin-arm64
1751 silly reify mark deleted [ '/home/user/node_modules/@esbuild/darwin-arm64' ]
1752 verbose reify failed optional dependency /home/user/node_modules/@esbuild/android-x64
1753 silly reify mark deleted [ '/home/user/node_modules/@esbuild/android-x64' ]
1754 verbose reify failed optional dependency /home/user/node_modules/@esbuild/android-arm64
1755 silly reify mark deleted [ '/home/user/node_modules/@esbuild/android-arm64' ]
1756 verbose reify failed optional dependency /home/user/node_modules/@esbuild/android-arm
1757 silly reify mark deleted [ '/home/user/node_modules/@esbuild/android-arm' ]
1758 verbose reify failed optional dependency /home/user/node_modules/fsevents
1759 silly reify mark deleted [ '/home/user/node_modules/fsevents' ]
1760 silly tarball no local data for is-weakset@https://registry.npmjs.org/is-weakset/-/is-weakset-2.0.4.tgz. Extracting by manifest.
1761 silly tarball no local data for is-weakmap@https://registry.npmjs.org/is-weakmap/-/is-weakmap-2.0.2.tgz. Extracting by manifest.
1762 silly tarball no local data for generator-function@https://registry.npmjs.org/generator-function/-/generator-function-2.0.1.tgz. Extracting by manifest.
1763 silly tarball no local data for async-function@https://registry.npmjs.org/async-function/-/async-function-1.0.0.tgz. Extracting by manifest.
1764 silly tarball no local data for which-collection@https://registry.npmjs.org/which-collection/-/which-collection-1.0.2.tgz. Extracting by manifest.
1765 silly tarball no local data for is-map@https://registry.npmjs.org/is-map/-/is-map-2.0.3.tgz. Extracting by manifest.
1766 silly tarball no local data for is-generator-function@https://registry.npmjs.org/is-generator-function/-/is-generator-function-1.1.2.tgz. Extracting by manifest.
1767 silly tarball no local data for is-finalizationregistry@https://registry.npmjs.org/is-finalizationregistry/-/is-finalizationregistry-1.1.1.tgz. Extracting by manifest.
1768 silly tarball no local data for is-async-function@https://registry.npmjs.org/is-async-function/-/is-async-function-2.1.1.tgz. Extracting by manifest.
1769 silly tarball no local data for is-number-object@https://registry.npmjs.org/is-number-object/-/is-number-object-1.1.1.tgz. Extracting by manifest.
1770 silly tarball no local data for is-boolean-object@https://registry.npmjs.org/is-boolean-object/-/is-boolean-object-1.2.2.tgz. Extracting by manifest.
1771 silly tarball no local data for is-bigint@https://registry.npmjs.org/is-bigint/-/is-bigint-1.1.0.tgz. Extracting by manifest.
1772 silly tarball no local data for isexe@https://registry.npmjs.org/isexe/-/isexe-2.0.0.tgz. Extracting by manifest.
1773 silly tarball no local data for source-map-js@https://registry.npmjs.org/source-map-js/-/source-map-js-1.2.1.tgz. Extracting by manifest.
1774 silly tarball no local data for nanoid@https://registry.npmjs.org/nanoid/-/nanoid-3.3.16.tgz. Extracting by manifest.
1775 silly tarball no local data for @esbuild/linux-x64@https://registry.npmjs.org/@esbuild/linux-x64/-/linux-x64-0.18.20.tgz. Extracting by manifest.
1776 silly tarball no local data for rollup@https://registry.npmjs.org/rollup/-/rollup-3.30.0.tgz. Extracting by manifest.
1777 silly tarball no local data for postcss@https://registry.npmjs.org/postcss/-/postcss-8.5.23.tgz. Extracting by manifest.
1778 silly tarball no local data for esbuild@https://registry.npmjs.org/esbuild/-/esbuild-0.18.20.tgz. Extracting by manifest.
1779 silly tarball no local data for punycode@https://registry.npmjs.org/punycode/-/punycode-2.3.1.tgz. Extracting by manifest.
1780 silly tarball no local data for escalade@https://registry.npmjs.org/escalade/-/escalade-3.2.0.tgz. Extracting by manifest.
1781 silly tarball no local data for which-boxed-primitive@https://registry.npmjs.org/which-boxed-primitive/-/which-boxed-primitive-1.1.1.tgz. Extracting by manifest.
1782 silly tarball no local data for has-bigints@https://registry.npmjs.org/has-bigints/-/has-bigints-1.1.0.tgz. Extracting by manifest.
1783 silly tarball no local data for which-builtin-type@https://registry.npmjs.org/which-builtin-type/-/which-builtin-type-1.2.1.tgz. Extracting by manifest.
1784 silly tarball no local data for reflect.getprototypeof@https://registry.npmjs.org/reflect.getprototypeof/-/reflect.getprototypeof-1.0.10.tgz. Extracting by manifest.
1785 silly tarball no local data for for-each@https://registry.npmjs.org/for-each/-/for-each-0.3.5.tgz. Extracting by manifest.
1786 silly tarball no local data for has-flag@https://registry.npmjs.org/has-flag/-/has-flag-4.0.0.tgz. Extracting by manifest.
1787 silly tarball no local data for ansi-regex@https://registry.npmjs.org/ansi-regex/-/ansi-regex-5.0.1.tgz. Extracting by manifest.
1788 silly tarball no local data for side-channel-weakmap@https://registry.npmjs.org/side-channel-weakmap/-/side-channel-weakmap-1.0.2.tgz. Extracting by manifest.
1789 silly tarball no local data for side-channel-map@https://registry.npmjs.org/side-channel-map/-/side-channel-map-1.0.1.tgz. Extracting by manifest.
1790 silly tarball no local data for side-channel-list@https://registry.npmjs.org/side-channel-list/-/side-channel-list-1.0.1.tgz. Extracting by manifest.
1791 silly tarball no local data for shebang-regex@https://registry.npmjs.org/shebang-regex/-/shebang-regex-3.0.0.tgz. Extracting by manifest.
1792 silly tarball no local data for isarray@https://registry.npmjs.org/isarray/-/isarray-2.0.5.tgz. Extracting by manifest.
1793 silly tarball no local data for queue-microtask@https://registry.npmjs.org/queue-microtask/-/queue-microtask-1.2.3.tgz. Extracting by manifest.
1794 silly tarball no local data for wrappy@https://registry.npmjs.org/wrappy/-/wrappy-1.0.2.tgz. Extracting by manifest.
1795 silly tarball no local data for path-is-absolute@https://registry.npmjs.org/path-is-absolute/-/path-is-absolute-1.0.1.tgz. Extracting by manifest.
1796 silly tarball no local data for once@https://registry.npmjs.org/once/-/once-1.4.0.tgz. Extracting by manifest.
1797 silly tarball no local data for inherits@https://registry.npmjs.org/inherits/-/inherits-2.0.4.tgz. Extracting by manifest.
1798 silly tarball no local data for inflight@https://registry.npmjs.org/inflight/-/inflight-1.0.6.tgz. Extracting by manifest.
1799 silly tarball no local data for fs.realpath@https://registry.npmjs.org/fs.realpath/-/fs.realpath-1.0.0.tgz. Extracting by manifest.
1800 silly tarball no local data for glob@https://registry.npmjs.org/glob/-/glob-7.2.3.tgz. Extracting by manifest.
1801 silly tarball no local data for supports-preserve-symlinks-flag@https://registry.npmjs.org/supports-preserve-symlinks-flag/-/supports-preserve-symlinks-flag-1.0.0.tgz. Extracting by manifest.
1802 silly tarball no local data for path-parse@https://registry.npmjs.org/path-parse/-/path-parse-1.0.7.tgz. Extracting by manifest.
1803 silly tarball no local data for node-exports-info@https://registry.npmjs.org/node-exports-info/-/node-exports-info-1.6.2.tgz. Extracting by manifest.
1804 silly tarball no local data for is-core-module@https://registry.npmjs.org/is-core-module/-/is-core-module-2.16.2.tgz. Extracting by manifest.
1805 silly tarball no local data for scheduler@https://registry.npmjs.org/scheduler/-/scheduler-0.23.2.tgz. Extracting by manifest.
1806 silly tarball no local data for react-is@https://registry.npmjs.org/react-is/-/react-is-16.13.1.tgz. Extracting by manifest.
1807 silly tarball no local data for object-assign@https://registry.npmjs.org/object-assign/-/object-assign-4.1.1.tgz. Extracting by manifest.
1808 silly tarball no local data for loose-envify@https://registry.npmjs.org/loose-envify/-/loose-envify-1.4.0.tgz. Extracting by manifest.
1809 silly tarball no local data for callsites@https://registry.npmjs.org/callsites/-/callsites-3.1.0.tgz. Extracting by manifest.
1810 silly tarball no local data for yocto-queue@https://registry.npmjs.org/yocto-queue/-/yocto-queue-0.1.0.tgz. Extracting by manifest.
1811 silly tarball no local data for p-limit@https://registry.npmjs.org/p-limit/-/p-limit-3.1.0.tgz. Extracting by manifest.
1812 silly tarball no local data for word-wrap@https://registry.npmjs.org/word-wrap/-/word-wrap-1.2.5.tgz. Extracting by manifest.
1813 silly tarball no local data for fast-levenshtein@https://registry.npmjs.org/fast-levenshtein/-/fast-levenshtein-2.0.6.tgz. Extracting by manifest.
1814 silly tarball no local data for deep-is@https://registry.npmjs.org/deep-is/-/deep-is-0.1.4.tgz. Extracting by manifest.
1815 silly tarball no local data for concat-map@https://registry.npmjs.org/concat-map/-/concat-map-0.0.1.tgz. Extracting by manifest.
1816 silly tarball no local data for balanced-match@https://registry.npmjs.org/balanced-match/-/balanced-match-1.0.2.tgz. Extracting by manifest.
1817 silly tarball no local data for brace-expansion@https://registry.npmjs.org/brace-expansion/-/brace-expansion-1.1.16.tgz. Extracting by manifest.
1818 silly tarball no local data for yallist@https://registry.npmjs.org/yallist/-/yallist-3.1.1.tgz. Extracting by manifest.
1819 silly tarball no local data for p-locate@https://registry.npmjs.org/p-locate/-/p-locate-5.0.0.tgz. Extracting by manifest.
1820 silly tarball no local data for type-check@https://registry.npmjs.org/type-check/-/type-check-0.4.0.tgz. Extracting by manifest.
1821 silly tarball no local data for prelude-ls@https://registry.npmjs.org/prelude-ls/-/prelude-ls-1.2.1.tgz. Extracting by manifest.
1822 silly tarball no local data for json-buffer@https://registry.npmjs.org/json-buffer/-/json-buffer-3.0.1.tgz. Extracting by manifest.
1823 silly tarball no local data for array.prototype.flat@https://registry.npmjs.org/array.prototype.flat/-/array.prototype.flat-1.3.3.tgz. Extracting by manifest.
1824 silly tarball no local data for argparse@https://registry.npmjs.org/argparse/-/argparse-2.0.1.tgz. Extracting by manifest.
1825 silly tarball no local data for set-function-name@https://registry.npmjs.org/set-function-name/-/set-function-name-2.0.2.tgz. Extracting by manifest.
1826 silly tarball no local data for is-extglob@https://registry.npmjs.org/is-extglob/-/is-extglob-2.1.1.tgz. Extracting by manifest.
1827 silly tarball no local data for side-channel@https://registry.npmjs.org/side-channel/-/side-channel-1.1.1.tgz. Extracting by manifest.
1828 silly tarball no local data for resolve-from@https://registry.npmjs.org/resolve-from/-/resolve-from-4.0.0.tgz. Extracting by manifest.
1829 silly tarball no local data for parent-module@https://registry.npmjs.org/parent-module/-/parent-module-1.0.1.tgz. Extracting by manifest.
1830 silly tarball no local data for type-fest@https://registry.npmjs.org/type-fest/-/type-fest-0.20.2.tgz. Extracting by manifest.
1831 silly tarball no local data for dunder-proto@https://registry.npmjs.org/dunder-proto/-/dunder-proto-1.0.1.tgz. Extracting by manifest.
1832 silly tarball no local data for is-document.all@https://registry.npmjs.org/is-document.all/-/is-document.all-1.0.0.tgz. Extracting by manifest.
1833 silly tarball no local data for functions-have-names@https://registry.npmjs.org/functions-have-names/-/functions-have-names-1.2.3.tgz. Extracting by manifest.
1834 silly tarball no local data for rimraf@https://registry.npmjs.org/rimraf/-/rimraf-3.0.2.tgz. Extracting by manifest.
1835 silly tarball no local data for keyv@https://registry.npmjs.org/keyv/-/keyv-4.5.4.tgz. Extracting by manifest.
1836 silly tarball no local data for flatted@https://registry.npmjs.org/flatted/-/flatted-3.4.3.tgz. Extracting by manifest.
1837 silly tarball no local data for path-exists@https://registry.npmjs.org/path-exists/-/path-exists-4.0.0.tgz. Extracting by manifest.
1838 silly tarball no local data for locate-path@https://registry.npmjs.org/locate-path/-/locate-path-6.0.0.tgz. Extracting by manifest.
1839 silly tarball no local data for flat-cache@https://registry.npmjs.org/flat-cache/-/flat-cache-3.2.0.tgz. Extracting by manifest.
1840 silly tarball no local data for reusify@https://registry.npmjs.org/reusify/-/reusify-1.1.0.tgz. Extracting by manifest.
1841 silly tarball no local data for acorn-jsx@https://registry.npmjs.org/acorn-jsx/-/acorn-jsx-5.3.2.tgz. Extracting by manifest.
1842 silly tarball no local data for acorn@https://registry.npmjs.org/acorn/-/acorn-8.17.0.tgz. Extracting by manifest.
1843 silly tarball no local data for esrecurse@https://registry.npmjs.org/esrecurse/-/esrecurse-4.3.0.tgz. Extracting by manifest.
1844 silly tarball no local data for is-symbol@https://registry.npmjs.org/is-symbol/-/is-symbol-1.1.1.tgz. Extracting by manifest.
1845 silly tarball no local data for is-date-object@https://registry.npmjs.org/is-date-object/-/is-date-object-1.1.0.tgz. Extracting by manifest.
1846 silly tarball no local data for es-abstract-get@https://registry.npmjs.org/es-abstract-get/-/es-abstract-get-1.0.0.tgz. Extracting by manifest.
1847 silly tarball no local data for has-tostringtag@https://registry.npmjs.org/has-tostringtag/-/has-tostringtag-1.0.2.tgz. Extracting by manifest.
1848 silly tarball no local data for iterator.prototype@https://registry.npmjs.org/iterator.prototype/-/iterator.prototype-1.1.5.tgz. Extracting by manifest.
1849 silly tarball no local data for possible-typed-array-names@https://registry.npmjs.org/possible-typed-array-names/-/possible-typed-array-names-1.1.0.tgz. Extracting by manifest.
1850 silly tarball no local data for which-typed-array@https://registry.npmjs.org/which-typed-array/-/which-typed-array-1.1.22.tgz. Extracting by manifest.
1851 silly tarball no local data for unbox-primitive@https://registry.npmjs.org/unbox-primitive/-/unbox-primitive-1.1.0.tgz. Extracting by manifest.
1852 silly tarball no local data for typed-array-length@https://registry.npmjs.org/typed-array-length/-/typed-array-length-1.0.8.tgz. Extracting by manifest.
1853 silly tarball no local data for typed-array-byte-offset@https://registry.npmjs.org/typed-array-byte-offset/-/typed-array-byte-offset-1.0.4.tgz. Extracting by manifest.
1854 silly tarball no local data for typed-array-byte-length@https://registry.npmjs.org/typed-array-byte-length/-/typed-array-byte-length-1.0.3.tgz. Extracting by manifest.
1855 silly tarball no local data for typed-array-buffer@https://registry.npmjs.org/typed-array-buffer/-/typed-array-buffer-1.0.3.tgz. Extracting by manifest.
1856 silly tarball no local data for string.prototype.trimstart@https://registry.npmjs.org/string.prototype.trimstart/-/string.prototype.trimstart-1.0.8.tgz. Extracting by manifest.
1857 silly tarball no local data for string.prototype.trimend@https://registry.npmjs.org/string.prototype.trimend/-/string.prototype.trimend-1.0.10.tgz. Extracting by manifest.
1858 silly tarball no local data for string.prototype.trim@https://registry.npmjs.org/string.prototype.trim/-/string.prototype.trim-1.2.11.tgz. Extracting by manifest.
1859 silly tarball no local data for stop-iteration-iterator@https://registry.npmjs.org/stop-iteration-iterator/-/stop-iteration-iterator-1.1.0.tgz. Extracting by manifest.
1860 silly tarball no local data for set-proto@https://registry.npmjs.org/set-proto/-/set-proto-1.0.0.tgz. Extracting by manifest.
1861 silly tarball no local data for safe-regex-test@https://registry.npmjs.org/safe-regex-test/-/safe-regex-test-1.1.0.tgz. Extracting by manifest.
1862 silly tarball no local data for safe-push-apply@https://registry.npmjs.org/safe-push-apply/-/safe-push-apply-1.0.0.tgz. Extracting by manifest.
1863 silly tarball no local data for safe-array-concat@https://registry.npmjs.org/safe-array-concat/-/safe-array-concat-1.1.4.tgz. Extracting by manifest.
1864 silly tarball no local data for regexp.prototype.flags@https://registry.npmjs.org/regexp.prototype.flags/-/regexp.prototype.flags-1.5.4.tgz. Extracting by manifest.
1865 silly tarball no local data for own-keys@https://registry.npmjs.org/own-keys/-/own-keys-1.0.2.tgz. Extracting by manifest.
1866 silly tarball no local data for object.assign@https://registry.npmjs.org/object.assign/-/object.assign-4.1.7.tgz. Extracting by manifest.
1867 silly tarball no local data for object-inspect@https://registry.npmjs.org/object-inspect/-/object-inspect-1.13.4.tgz. Extracting by manifest.
1868 silly tarball no local data for is-weakref@https://registry.npmjs.org/is-weakref/-/is-weakref-1.1.1.tgz. Extracting by manifest.
1869 silly tarball no local data for is-typed-array@https://registry.npmjs.org/is-typed-array/-/is-typed-array-1.1.15.tgz. Extracting by manifest.
1870 silly tarball no local data for is-shared-array-buffer@https://registry.npmjs.org/is-shared-array-buffer/-/is-shared-array-buffer-1.0.4.tgz. Extracting by manifest.
1871 silly tarball no local data for is-set@https://registry.npmjs.org/is-set/-/is-set-2.0.3.tgz. Extracting by manifest.
1872 silly tarball no local data for is-regex@https://registry.npmjs.org/is-regex/-/is-regex-1.2.1.tgz. Extracting by manifest.
1873 silly tarball no local data for is-negative-zero@https://registry.npmjs.org/is-negative-zero/-/is-negative-zero-2.0.3.tgz. Extracting by manifest.
1874 silly tarball no local data for is-data-view@https://registry.npmjs.org/is-data-view/-/is-data-view-1.0.2.tgz. Extracting by manifest.
1875 silly tarball no local data for is-callable@https://registry.npmjs.org/is-callable/-/is-callable-1.2.7.tgz. Extracting by manifest.
1876 silly tarball no local data for is-array-buffer@https://registry.npmjs.org/is-array-buffer/-/is-array-buffer-3.0.5.tgz. Extracting by manifest.
1877 silly tarball no local data for internal-slot@https://registry.npmjs.org/internal-slot/-/internal-slot-1.1.0.tgz. Extracting by manifest.
1878 silly tarball no local data for has-symbols@https://registry.npmjs.org/has-symbols/-/has-symbols-1.1.0.tgz. Extracting by manifest.
1879 silly tarball no local data for has-proto@https://registry.npmjs.org/has-proto/-/has-proto-1.2.0.tgz. Extracting by manifest.
1880 silly tarball no local data for globalthis@https://registry.npmjs.org/globalthis/-/globalthis-1.0.4.tgz. Extracting by manifest.
1881 silly tarball no local data for get-symbol-description@https://registry.npmjs.org/get-symbol-description/-/get-symbol-description-1.1.0.tgz. Extracting by manifest.
1882 silly tarball no local data for get-proto@https://registry.npmjs.org/get-proto/-/get-proto-1.0.1.tgz. Extracting by manifest.
1883 silly tarball no local data for function.prototype.name@https://registry.npmjs.org/function.prototype.name/-/function.prototype.name-1.2.0.tgz. Extracting by manifest.
1884 silly tarball no local data for es-to-primitive@https://registry.npmjs.org/es-to-primitive/-/es-to-primitive-1.3.4.tgz. Extracting by manifest.
1885 silly tarball no local data for es-set-tostringtag@https://registry.npmjs.org/es-set-tostringtag/-/es-set-tostringtag-2.1.0.tgz. Extracting by manifest.
1886 silly tarball no local data for data-view-byte-offset@https://registry.npmjs.org/data-view-byte-offset/-/data-view-byte-offset-1.0.1.tgz. Extracting by manifest.
1887 silly tarball no local data for data-view-byte-length@https://registry.npmjs.org/data-view-byte-length/-/data-view-byte-length-1.0.2.tgz. Extracting by manifest.
1888 silly tarball no local data for data-view-buffer@https://registry.npmjs.org/data-view-buffer/-/data-view-buffer-1.0.2.tgz. Extracting by manifest.
1889 silly tarball no local data for available-typed-arrays@https://registry.npmjs.org/available-typed-arrays/-/available-typed-arrays-1.0.7.tgz. Extracting by manifest.
1890 silly tarball no local data for arraybuffer.prototype.slice@https://registry.npmjs.org/arraybuffer.prototype.slice/-/arraybuffer.prototype.slice-1.0.4.tgz. Extracting by manifest.
1891 silly tarball no local data for array-buffer-byte-length@https://registry.npmjs.org/array-buffer-byte-length/-/array-buffer-byte-length-1.0.2.tgz. Extracting by manifest.
1892 silly tarball no local data for gopd@https://registry.npmjs.org/gopd/-/gopd-1.2.0.tgz. Extracting by manifest.
1893 silly tarball no local data for object-keys@https://registry.npmjs.org/object-keys/-/object-keys-1.1.1.tgz. Extracting by manifest.
1894 silly tarball no local data for has-property-descriptors@https://registry.npmjs.org/has-property-descriptors/-/has-property-descriptors-1.0.2.tgz. Extracting by manifest.
1895 silly tarball no local data for define-data-property@https://registry.npmjs.org/define-data-property/-/define-data-property-1.1.4.tgz. Extracting by manifest.
1896 silly tarball no local data for function-bind@https://registry.npmjs.org/function-bind/-/function-bind-1.1.2.tgz. Extracting by manifest.
1897 silly tarball no local data for set-function-length@https://registry.npmjs.org/set-function-length/-/set-function-length-1.2.2.tgz. Extracting by manifest.
1898 silly tarball no local data for es-define-property@https://registry.npmjs.org/es-define-property/-/es-define-property-1.0.1.tgz. Extracting by manifest.
1899 silly tarball no local data for call-bind-apply-helpers@https://registry.npmjs.org/call-bind-apply-helpers/-/call-bind-apply-helpers-1.0.2.tgz. Extracting by manifest.
1900 silly tarball no local data for es-shim-unscopables@https://registry.npmjs.org/es-shim-unscopables/-/es-shim-unscopables-1.1.0.tgz. Extracting by manifest.
1901 silly tarball no local data for es-errors@https://registry.npmjs.org/es-errors/-/es-errors-1.3.0.tgz. Extracting by manifest.
1902 silly tarball no local data for math-intrinsics@https://registry.npmjs.org/math-intrinsics/-/math-intrinsics-1.1.0.tgz. Extracting by manifest.
1903 silly tarball no local data for is-string@https://registry.npmjs.org/is-string/-/is-string-1.1.1.tgz. Extracting by manifest.
1904 silly tarball no local data for get-intrinsic@https://registry.npmjs.org/get-intrinsic/-/get-intrinsic-1.3.0.tgz. Extracting by manifest.
1905 silly tarball no local data for es-object-atoms@https://registry.npmjs.org/es-object-atoms/-/es-object-atoms-1.1.2.tgz. Extracting by manifest.
1906 silly tarball no local data for es-abstract@https://registry.npmjs.org/es-abstract/-/es-abstract-1.24.2.tgz. Extracting by manifest.
1907 silly tarball no local data for define-properties@https://registry.npmjs.org/define-properties/-/define-properties-1.2.1.tgz. Extracting by manifest.
1908 silly tarball no local data for call-bound@https://registry.npmjs.org/call-bound/-/call-bound-1.0.4.tgz. Extracting by manifest.
1909 silly tarball no local data for call-bind@https://registry.npmjs.org/call-bind/-/call-bind-1.0.9.tgz. Extracting by manifest.
1910 silly tarball no local data for string.prototype.repeat@https://registry.npmjs.org/string.prototype.repeat/-/string.prototype.repeat-1.0.0.tgz. Extracting by manifest.
1911 silly tarball no local data for string.prototype.matchall@https://registry.npmjs.org/string.prototype.matchall/-/string.prototype.matchall-4.0.12.tgz. Extracting by manifest.
1912 silly tarball no local data for resolve@https://registry.npmjs.org/resolve/-/resolve-2.0.0-next.7.tgz. Extracting by manifest.
1913 silly tarball no local data for prop-types@https://registry.npmjs.org/prop-types/-/prop-types-15.8.1.tgz. Extracting by manifest.
1914 silly tarball no local data for object.values@https://registry.npmjs.org/object.values/-/object.values-1.2.1.tgz. Extracting by manifest.
1915 silly tarball no local data for object.fromentries@https://registry.npmjs.org/object.fromentries/-/object.fromentries-2.0.8.tgz. Extracting by manifest.
1916 silly tarball no local data for object.entries@https://registry.npmjs.org/object.entries/-/object.entries-1.1.9.tgz. Extracting by manifest.
1917 silly tarball no local data for jsx-ast-utils@https://registry.npmjs.org/jsx-ast-utils/-/jsx-ast-utils-3.3.5.tgz. Extracting by manifest.
1918 silly tarball no local data for hasown@https://registry.npmjs.org/hasown/-/hasown-2.0.4.tgz. Extracting by manifest.
1919 silly tarball no local data for estraverse@https://registry.npmjs.org/estraverse/-/estraverse-5.3.0.tgz. Extracting by manifest.
1920 silly tarball no local data for es-iterator-helpers@https://registry.npmjs.org/es-iterator-helpers/-/es-iterator-helpers-1.4.0.tgz. Extracting by manifest.
1921 silly tarball no local data for array.prototype.tosorted@https://registry.npmjs.org/array.prototype.tosorted/-/array.prototype.tosorted-1.1.4.tgz. Extracting by manifest.
1922 silly tarball no local data for array.prototype.flatmap@https://registry.npmjs.org/array.prototype.flatmap/-/array.prototype.flatmap-1.3.3.tgz. Extracting by manifest.
1923 silly tarball no local data for array.prototype.findlast@https://registry.npmjs.org/array.prototype.findlast/-/array.prototype.findlast-1.2.5.tgz. Extracting by manifest.
1924 silly tarball no local data for array-includes@https://registry.npmjs.org/array-includes/-/array-includes-3.1.9.tgz. Extracting by manifest.
1925 silly tarball no local data for which@https://registry.npmjs.org/which/-/which-2.0.2.tgz. Extracting by manifest.
1926 silly tarball no local data for shebang-command@https://registry.npmjs.org/shebang-command/-/shebang-command-2.0.0.tgz. Extracting by manifest.
1927 silly tarball no local data for path-key@https://registry.npmjs.org/path-key/-/path-key-3.1.1.tgz. Extracting by manifest.
1928 silly tarball no local data for color-name@https://registry.npmjs.org/color-name/-/color-name-1.1.4.tgz. Extracting by manifest.
1929 silly tarball no local data for color-convert@https://registry.npmjs.org/color-convert/-/color-convert-2.0.1.tgz. Extracting by manifest.
1930 silly tarball no local data for supports-color@https://registry.npmjs.org/supports-color/-/supports-color-7.2.0.tgz. Extracting by manifest.
1931 silly tarball no local data for ansi-styles@https://registry.npmjs.org/ansi-styles/-/ansi-styles-4.3.0.tgz. Extracting by manifest.
1932 silly tarball no local data for uri-js@https://registry.npmjs.org/uri-js/-/uri-js-4.4.1.tgz. Extracting by manifest.
1933 silly tarball no local data for json-schema-traverse@https://registry.npmjs.org/json-schema-traverse/-/json-schema-traverse-0.4.1.tgz. Extracting by manifest.
1934 silly tarball no local data for fast-json-stable-stringify@https://registry.npmjs.org/fast-json-stable-stringify/-/fast-json-stable-stringify-2.1.0.tgz. Extracting by manifest.
1935 silly tarball no local data for run-parallel@https://registry.npmjs.org/run-parallel/-/run-parallel-1.2.0.tgz. Extracting by manifest.
1936 silly tarball no local data for @nodelib/fs.stat@https://registry.npmjs.org/@nodelib/fs.stat/-/fs.stat-2.0.5.tgz. Extracting by manifest.
1937 silly tarball no local data for fastq@https://registry.npmjs.org/fastq/-/fastq-1.20.1.tgz. Extracting by manifest.
1938 silly tarball no local data for @nodelib/fs.scandir@https://registry.npmjs.org/@nodelib/fs.scandir/-/fs.scandir-2.1.5.tgz. Extracting by manifest.
1939 silly tarball no local data for @humanwhocodes/object-schema@https://registry.npmjs.org/@humanwhocodes/object-schema/-/object-schema-2.0.3.tgz. Extracting by manifest.
1940 silly tarball no local data for strip-json-comments@https://registry.npmjs.org/strip-json-comments/-/strip-json-comments-3.1.1.tgz. Extracting by manifest.
1941 silly tarball no local data for import-fresh@https://registry.npmjs.org/import-fresh/-/import-fresh-3.3.1.tgz. Extracting by manifest.
1942 silly tarball no local data for text-table@https://registry.npmjs.org/text-table/-/text-table-0.2.0.tgz. Extracting by manifest.
1943 silly tarball no local data for strip-ansi@https://registry.npmjs.org/strip-ansi/-/strip-ansi-6.0.1.tgz. Extracting by manifest.
1944 silly tarball no local data for optionator@https://registry.npmjs.org/optionator/-/optionator-0.9.4.tgz. Extracting by manifest.
1945 silly tarball no local data for natural-compare@https://registry.npmjs.org/natural-compare/-/natural-compare-1.4.0.tgz. Extracting by manifest.
1946 silly tarball no local data for minimatch@https://registry.npmjs.org/minimatch/-/minimatch-3.1.5.tgz. Extracting by manifest.
1947 silly tarball no local data for lodash.merge@https://registry.npmjs.org/lodash.merge/-/lodash.merge-4.6.2.tgz. Extracting by manifest.
1948 silly tarball no local data for levn@https://registry.npmjs.org/levn/-/levn-0.4.1.tgz. Extracting by manifest.
1949 silly tarball no local data for json-stable-stringify-without-jsonify@https://registry.npmjs.org/json-stable-stringify-without-jsonify/-/json-stable-stringify-without-jsonify-1.0.1.tgz. Extracting by manifest.
1950 silly tarball no local data for js-yaml@https://registry.npmjs.org/js-yaml/-/js-yaml-4.3.0.tgz. Extracting by manifest.
1951 silly tarball no local data for is-path-inside@https://registry.npmjs.org/is-path-inside/-/is-path-inside-3.0.3.tgz. Extracting by manifest.
1952 silly tarball no local data for is-glob@https://registry.npmjs.org/is-glob/-/is-glob-4.0.3.tgz. Extracting by manifest.
1953 silly tarball no local data for imurmurhash@https://registry.npmjs.org/imurmurhash/-/imurmurhash-0.1.4.tgz. Extracting by manifest.
1954 silly tarball no local data for ignore@https://registry.npmjs.org/ignore/-/ignore-5.3.2.tgz. Extracting by manifest.
1955 silly tarball no local data for graphemer@https://registry.npmjs.org/graphemer/-/graphemer-1.4.0.tgz. Extracting by manifest.
1956 silly tarball no local data for globals@https://registry.npmjs.org/globals/-/globals-13.24.0.tgz. Extracting by manifest.
1957 silly tarball no local data for glob-parent@https://registry.npmjs.org/glob-parent/-/glob-parent-6.0.2.tgz. Extracting by manifest.
1958 silly tarball no local data for find-up@https://registry.npmjs.org/find-up/-/find-up-5.0.0.tgz. Extracting by manifest.
1959 silly tarball no local data for file-entry-cache@https://registry.npmjs.org/file-entry-cache/-/file-entry-cache-6.0.1.tgz. Extracting by manifest.
1960 silly tarball no local data for fast-deep-equal@https://registry.npmjs.org/fast-deep-equal/-/fast-deep-equal-3.1.3.tgz. Extracting by manifest.
1961 silly tarball no local data for esutils@https://registry.npmjs.org/esutils/-/esutils-2.0.3.tgz. Extracting by manifest.
1962 silly tarball no local data for esquery@https://registry.npmjs.org/esquery/-/esquery-1.7.0.tgz. Extracting by manifest.
1963 silly tarball no local data for espree@https://registry.npmjs.org/espree/-/espree-9.6.1.tgz. Extracting by manifest.
1964 silly tarball no local data for eslint-visitor-keys@https://registry.npmjs.org/eslint-visitor-keys/-/eslint-visitor-keys-3.4.3.tgz. Extracting by manifest.
1965 silly tarball no local data for eslint-scope@https://registry.npmjs.org/eslint-scope/-/eslint-scope-7.2.2.tgz. Extracting by manifest.
1966 silly tarball no local data for escape-string-regexp@https://registry.npmjs.org/escape-string-regexp/-/escape-string-regexp-4.0.0.tgz. Extracting by manifest.
1967 silly tarball no local data for doctrine@https://registry.npmjs.org/doctrine/-/doctrine-3.0.0.tgz. Extracting by manifest.
1968 silly tarball no local data for cross-spawn@https://registry.npmjs.org/cross-spawn/-/cross-spawn-7.0.6.tgz. Extracting by manifest.
1969 silly tarball no local data for chalk@https://registry.npmjs.org/chalk/-/chalk-4.1.2.tgz. Extracting by manifest.
1970 silly tarball no local data for ajv@https://registry.npmjs.org/ajv/-/ajv-6.15.0.tgz. Extracting by manifest.
1971 silly tarball no local data for @ungap/structured-clone@https://registry.npmjs.org/@ungap/structured-clone/-/structured-clone-1.3.3.tgz. Extracting by manifest.
1972 silly tarball no local data for @nodelib/fs.walk@https://registry.npmjs.org/@nodelib/fs.walk/-/fs.walk-1.2.8.tgz. Extracting by manifest.
1973 silly tarball no local data for @humanwhocodes/module-importer@https://registry.npmjs.org/@humanwhocodes/module-importer/-/module-importer-1.0.1.tgz. Extracting by manifest.
1974 silly tarball no local data for @humanwhocodes/config-array@https://registry.npmjs.org/@humanwhocodes/config-array/-/config-array-0.13.0.tgz. Extracting by manifest.
1975 silly tarball no local data for @eslint/js@https://registry.npmjs.org/@eslint/js/-/js-8.57.1.tgz. Extracting by manifest.
1976 silly tarball no local data for @eslint/eslintrc@https://registry.npmjs.org/@eslint/eslintrc/-/eslintrc-2.1.4.tgz. Extracting by manifest.
1977 silly tarball no local data for @eslint-community/regexpp@https://registry.npmjs.org/@eslint-community/regexpp/-/regexpp-4.12.2.tgz. Extracting by manifest.
1978 silly tarball no local data for @eslint-community/eslint-utils@https://registry.npmjs.org/@eslint-community/eslint-utils/-/eslint-utils-4.10.1.tgz. Extracting by manifest.
1979 silly tarball no local data for ms@https://registry.npmjs.org/ms/-/ms-2.1.3.tgz. Extracting by manifest.
1980 silly tarball no local data for update-browserslist-db@https://registry.npmjs.org/update-browserslist-db/-/update-browserslist-db-1.2.3.tgz. Extracting by manifest.
1981 silly tarball no local data for node-releases@https://registry.npmjs.org/node-releases/-/node-releases-2.0.51.tgz. Extracting by manifest.
1982 silly tarball no local data for electron-to-chromium@https://registry.npmjs.org/electron-to-chromium/-/electron-to-chromium-1.5.396.tgz. Extracting by manifest.
1983 silly tarball no local data for caniuse-lite@https://registry.npmjs.org/caniuse-lite/-/caniuse-lite-1.0.30001806.tgz. Extracting by manifest.
1984 silly tarball no local data for baseline-browser-mapping@https://registry.npmjs.org/baseline-browser-mapping/-/baseline-browser-mapping-2.11.5.tgz. Extracting by manifest.
1985 silly tarball no local data for @types/babel__traverse@https://registry.npmjs.org/@types/babel__traverse/-/babel__traverse-7.28.0.tgz. Extracting by manifest.
1986 silly tarball no local data for @types/babel__template@https://registry.npmjs.org/@types/babel__template/-/babel__template-7.4.4.tgz. Extracting by manifest.
1987 silly tarball no local data for @types/babel__generator@https://registry.npmjs.org/@types/babel__generator/-/babel__generator-7.27.0.tgz. Extracting by manifest.
1988 silly tarball no local data for @jridgewell/resolve-uri@https://registry.npmjs.org/@jridgewell/resolve-uri/-/resolve-uri-3.1.2.tgz. Extracting by manifest.
1989 silly tarball no local data for @jridgewell/sourcemap-codec@https://registry.npmjs.org/@jridgewell/sourcemap-codec/-/sourcemap-codec-1.5.5.tgz. Extracting by manifest.
1990 silly tarball no local data for @babel/helper-string-parser@https://registry.npmjs.org/@babel/helper-string-parser/-/helper-string-parser-7.29.7.tgz. Extracting by manifest.
1991 silly tarball no local data for @babel/helper-globals@https://registry.npmjs.org/@babel/helper-globals/-/helper-globals-7.29.7.tgz. Extracting by manifest.
1992 silly tarball no local data for @babel/helper-plugin-utils@https://registry.npmjs.org/@babel/helper-plugin-utils/-/helper-plugin-utils-7.29.7.tgz. Extracting by manifest.
1993 silly tarball no local data for @babel/helper-module-imports@https://registry.npmjs.org/@babel/helper-module-imports/-/helper-module-imports-7.29.7.tgz. Extracting by manifest.
1994 silly tarball no local data for lru-cache@https://registry.npmjs.org/lru-cache/-/lru-cache-5.1.1.tgz. Extracting by manifest.
1995 silly tarball no local data for browserslist@https://registry.npmjs.org/browserslist/-/browserslist-4.28.7.tgz. Extracting by manifest.
1996 silly tarball no local data for @babel/helper-validator-option@https://registry.npmjs.org/@babel/helper-validator-option/-/helper-validator-option-7.29.7.tgz. Extracting by manifest.
1997 silly tarball no local data for @babel/compat-data@https://registry.npmjs.org/@babel/compat-data/-/compat-data-7.29.7.tgz. Extracting by manifest.
1998 silly tarball no local data for jsesc@https://registry.npmjs.org/jsesc/-/jsesc-3.1.0.tgz. Extracting by manifest.
1999 silly tarball no local data for @jridgewell/trace-mapping@https://registry.npmjs.org/@jridgewell/trace-mapping/-/trace-mapping-0.3.31.tgz. Extracting by manifest.
2000 silly tarball no local data for @jridgewell/gen-mapping@https://registry.npmjs.org/@jridgewell/gen-mapping/-/gen-mapping-0.3.13.tgz. Extracting by manifest.
2001 silly tarball no local data for picocolors@https://registry.npmjs.org/picocolors/-/picocolors-1.1.1.tgz. Extracting by manifest.
2002 silly tarball no local data for js-tokens@https://registry.npmjs.org/js-tokens/-/js-tokens-4.0.0.tgz. Extracting by manifest.
2003 silly tarball no local data for @babel/helper-validator-identifier@https://registry.npmjs.org/@babel/helper-validator-identifier/-/helper-validator-identifier-7.29.7.tgz. Extracting by manifest.
2004 silly tarball no local data for semver@https://registry.npmjs.org/semver/-/semver-6.3.1.tgz. Extracting by manifest.
2005 silly tarball no local data for json5@https://registry.npmjs.org/json5/-/json5-2.2.3.tgz. Extracting by manifest.
2006 silly tarball no local data for gensync@https://registry.npmjs.org/gensync/-/gensync-1.0.0-beta.2.tgz. Extracting by manifest.
2007 silly tarball no local data for debug@https://registry.npmjs.org/debug/-/debug-4.4.3.tgz. Extracting by manifest.
2008 silly tarball no local data for convert-source-map@https://registry.npmjs.org/convert-source-map/-/convert-source-map-2.0.0.tgz. Extracting by manifest.
2009 silly tarball no local data for @jridgewell/remapping@https://registry.npmjs.org/@jridgewell/remapping/-/remapping-2.3.5.tgz. Extracting by manifest.
2010 silly tarball no local data for @babel/types@https://registry.npmjs.org/@babel/types/-/types-7.29.7.tgz. Extracting by manifest.
2011 silly tarball no local data for @babel/traverse@https://registry.npmjs.org/@babel/traverse/-/traverse-7.29.7.tgz. Extracting by manifest.
2012 silly tarball no local data for @babel/template@https://registry.npmjs.org/@babel/template/-/template-7.29.7.tgz. Extracting by manifest.
2013 silly tarball no local data for @babel/parser@https://registry.npmjs.org/@babel/parser/-/parser-7.29.7.tgz. Extracting by manifest.
2014 silly tarball no local data for @babel/helpers@https://registry.npmjs.org/@babel/helpers/-/helpers-7.29.7.tgz. Extracting by manifest.
2015 silly tarball no local data for @babel/helper-module-transforms@https://registry.npmjs.org/@babel/helper-module-transforms/-/helper-module-transforms-7.29.7.tgz. Extracting by manifest.
2016 silly tarball no local data for @babel/helper-compilation-targets@https://registry.npmjs.org/@babel/helper-compilation-targets/-/helper-compilation-targets-7.29.7.tgz. Extracting by manifest.
2017 silly tarball no local data for @babel/generator@https://registry.npmjs.org/@babel/generator/-/generator-7.29.7.tgz. Extracting by manifest.
2018 silly tarball no local data for @babel/code-frame@https://registry.npmjs.org/@babel/code-frame/-/code-frame-7.29.7.tgz. Extracting by manifest.
2019 silly tarball no local data for react-refresh@https://registry.npmjs.org/react-refresh/-/react-refresh-0.17.0.tgz. Extracting by manifest.
2020 silly tarball no local data for @types/babel__core@https://registry.npmjs.org/@types/babel__core/-/babel__core-7.20.5.tgz. Extracting by manifest.
2021 silly tarball no local data for @rolldown/pluginutils@https://registry.npmjs.org/@rolldown/pluginutils/-/pluginutils-1.0.0-beta.27.tgz. Extracting by manifest.
2022 silly tarball no local data for @babel/plugin-transform-react-jsx-source@https://registry.npmjs.org/@babel/plugin-transform-react-jsx-source/-/plugin-transform-react-jsx-source-7.29.7.tgz. Extracting by manifest.
2023 silly tarball no local data for @babel/plugin-transform-react-jsx-self@https://registry.npmjs.org/@babel/plugin-transform-react-jsx-self/-/plugin-transform-react-jsx-self-7.29.7.tgz. Extracting by manifest.
2024 silly tarball no local data for @babel/core@https://registry.npmjs.org/@babel/core/-/core-7.29.7.tgz. Extracting by manifest.
2025 silly tarball no local data for csstype@https://registry.npmjs.org/csstype/-/csstype-3.2.3.tgz. Extracting by manifest.
2026 silly tarball no local data for @types/prop-types@https://registry.npmjs.org/@types/prop-types/-/prop-types-15.7.15.tgz. Extracting by manifest.
2027 silly tarball no local data for react-dom@https://registry.npmjs.org/react-dom/-/react-dom-18.3.1.tgz. Extracting by manifest.
2028 silly tarball no local data for react@https://registry.npmjs.org/react/-/react-18.3.1.tgz. Extracting by manifest.
2029 silly tarball no local data for lucide-react@https://registry.npmjs.org/lucide-react/-/lucide-react-0.263.1.tgz. Extracting by manifest.
2030 silly tarball no local data for eslint-plugin-react-hooks@https://registry.npmjs.org/eslint-plugin-react-hooks/-/eslint-plugin-react-hooks-4.6.2.tgz. Extracting by manifest.
2031 silly tarball no local data for eslint-plugin-react@https://registry.npmjs.org/eslint-plugin-react/-/eslint-plugin-react-7.37.5.tgz. Extracting by manifest.
2032 silly tarball no local data for eslint@https://registry.npmjs.org/eslint/-/eslint-8.57.1.tgz. Extracting by manifest.
2033 silly tarball no local data for vite@https://registry.npmjs.org/vite/-/vite-4.5.14.tgz. Extracting by manifest.
2034 silly tarball no local data for @vitejs/plugin-react@https://registry.npmjs.org/@vitejs/plugin-react/-/plugin-react-4.7.0.tgz. Extracting by manifest.
2035 silly tarball no local data for @types/react-dom@https://registry.npmjs.org/@types/react-dom/-/react-dom-18.3.7.tgz. Extracting by manifest.
2036 silly tarball no local data for @types/react@https://registry.npmjs.org/@types/react/-/react-18.3.31.tgz. Extracting by manifest.
2037 silly tarball no local data for doctrine@https://registry.npmjs.org/doctrine/-/doctrine-2.1.0.tgz. Extracting by manifest.
2038 http fetch POST 200 https://registry.npmjs.org/-/npm/v1/security/advisories/bulk 502ms
2039 silly audit report {
2039 silly audit report   vite: [
2039 silly audit report     {
2039 silly audit report       id: 1107323,
2039 silly audit report       url: 'https://github.com/advisories/GHSA-g4jq-h2w9-997c',
2039 silly audit report       title: 'Vite middleware may serve files starting with the same name with the public directory',
2039 silly audit report       severity: 'low',
2039 silly audit report       vulnerable_versions: '<=5.4.19',
2039 silly audit report       cwe: [Array],
2039 silly audit report       cvss: [Object]
2039 silly audit report     },
2039 silly audit report     {
2039 silly audit report       id: 1107327,
2039 silly audit report       url: 'https://github.com/advisories/GHSA-jqfw-vq24-v9c3',
2039 silly audit report       title: "Vite's `server.fs` settings were not applied to HTML files",
2039 silly audit report       severity: 'low',
2039 silly audit report       vulnerable_versions: '<=5.4.19',
2039 silly audit report       cwe: [Array],
2039 silly audit report       cvss: [Object]
2039 silly audit report     },
2039 silly audit report     {
2039 silly audit report       id: 1109132,
2039 silly audit report       url: 'https://github.com/advisories/GHSA-93m4-6634-74q7',
2039 silly audit report       title: 'vite allows server.fs.deny bypass via backslash on Windows',
2039 silly audit report       severity: 'moderate',
2039 silly audit report       vulnerable_versions: '>=4.5.3 <5.0.0',
2039 silly audit report       cwe: [Array],
2039 silly audit report       cvss: [Object]
2039 silly audit report     },
2039 silly audit report     {
2039 silly audit report       id: 1120061,
2039 silly audit report       url: 'https://github.com/advisories/GHSA-c27g-q93r-2cwf',
2039 silly audit report       title: 'launch-editor vulnerable to command injection via the crafted request on Windows',
2039 silly audit report       severity: 'high',
2039 silly audit report       vulnerable_versions: '<=5.4.8',
2039 silly audit report       cwe: [Array],
2039 silly audit report       cvss: [Object]
2039 silly audit report     },
2039 silly audit report     {
2039 silly audit report       id: 1120784,
2039 silly audit report       url: 'https://github.com/advisories/GHSA-v6wh-96g9-6wx3',
2039 silly audit report       title: 'launch-editor: NTLMv2 hash disclosure via UNC path handling on Windows',
2039 silly audit report       severity: 'moderate',
2039 silly audit report       vulnerable_versions: '<=6.4.2',
2039 silly audit report       cwe: [Array],
2039 silly audit report       cvss: [Object]
2039 silly audit report     },
2039 silly audit report     {
2039 silly audit report       id: 1116229,
2039 silly audit report       url: 'https://github.com/advisories/GHSA-4w7w-66w2-5vf9',
2039 silly audit report       title: 'Vite Vulnerable to Path Traversal in Optimized Deps `.map` Handling',
2039 silly audit report       severity: 'moderate',
2039 silly audit report       vulnerable_versions: '<=6.4.1',
2039 silly audit report       cwe: [Array],
2039 silly audit report       cvss: [Object]
2039 silly audit report     },
2039 silly audit report     {
2039 silly audit report       id: 1123525,
2039 silly audit report       url: 'https://github.com/advisories/GHSA-fx2h-pf6j-xcff',
2039 silly audit report       title: 'vite: `server.fs.deny` bypass on Windows alternate paths',
2039 silly audit report       severity: 'high',
2039 silly audit report       vulnerable_versions: '<=6.4.2',
2039 silly audit report       cwe: [Array],
2039 silly audit report       cvss: [Object]
2039 silly audit report     }
2039 silly audit report   ],
2039 silly audit report   'brace-expansion': [
2039 silly audit report     {
2039 silly audit report       id: 1124334,
2039 silly audit report       url: 'https://github.com/advisories/GHSA-mh99-v99m-4gvg',
2039 silly audit report       title: 'brace-expansion: DoS via unbounded expansion length causing an out-of-memory process crash',
2039 silly audit report       severity: 'high',
2039 silly audit report       vulnerable_versions: '<=5.0.7',
2039 silly audit report       cwe: [Array],
2039 silly audit report       cvss: [Object]
2039 silly audit report     }
2039 silly audit report   ],
2039 silly audit report   esbuild: [
2039 silly audit report     {
2039 silly audit report       id: 1102341,
2039 silly audit report       url: 'https://github.com/advisories/GHSA-67mh-4wv8-2f99',
2039 silly audit report       title: 'esbuild enables any website to send any requests to the development server and read the response',
2039 silly audit report       severity: 'moderate',
2039 silly audit report       vulnerable_versions: '<=0.24.2',
2039 silly audit report       cwe: [Array],
2039 silly audit report       cvss: [Object]
2039 silly audit report     }
2039 silly audit report   ]
2039 silly audit report }
2040 silly packumentCache corgi:https://registry.npmjs.org/vite cache-miss
2041 silly packumentCache corgi:https://registry.npmjs.org/brace-expansion cache-miss
2042 silly packumentCache corgi:https://registry.npmjs.org/esbuild cache-miss
2043 http fetch GET 200 https://registry.npmjs.org/is-weakset/-/is-weakset-2.0.4.tgz 520ms (cache miss)
2044 http fetch GET 200 https://registry.npmjs.org/nanoid/-/nanoid-3.3.16.tgz 556ms (cache miss)
2045 http fetch GET 200 https://registry.npmjs.org/punycode/-/punycode-2.3.1.tgz 814ms (cache miss)
2046 http fetch GET 200 https://registry.npmjs.org/isexe/-/isexe-2.0.0.tgz 878ms (cache miss)
2047 http fetch GET 200 https://registry.npmjs.org/path-is-absolute/-/path-is-absolute-1.0.1.tgz 859ms (cache miss)
2048 http fetch GET 200 https://registry.npmjs.org/side-channel-list/-/side-channel-list-1.0.1.tgz 863ms (cache miss)
2049 http fetch GET 200 https://registry.npmjs.org/ansi-regex/-/ansi-regex-5.0.1.tgz 970ms (cache miss)
2050 http fetch GET 200 https://registry.npmjs.org/which-collection/-/which-collection-1.0.2.tgz 1017ms (cache miss)
2051 http fetch GET 200 https://registry.npmjs.org/escalade/-/escalade-3.2.0.tgz 1007ms (cache miss)
2052 http fetch GET 200 https://registry.npmjs.org/has-flag/-/has-flag-4.0.0.tgz 1003ms (cache miss)
2053 http fetch GET 200 https://registry.npmjs.org/wrappy/-/wrappy-1.0.2.tgz 995ms (cache miss)
2054 http fetch GET 200 https://registry.npmjs.org/shebang-regex/-/shebang-regex-3.0.0.tgz 998ms (cache miss)
2055 http fetch GET 200 https://registry.npmjs.org/path-parse/-/path-parse-1.0.7.tgz 1021ms (cache miss)
2056 http fetch GET 200 https://registry.npmjs.org/async-function/-/async-function-1.0.0.tgz 1053ms (cache miss)
2057 http fetch GET 200 https://registry.npmjs.org/generator-function/-/generator-function-2.0.1.tgz 1055ms (cache miss)
2058 http fetch GET 200 https://registry.npmjs.org/which-boxed-primitive/-/which-boxed-primitive-1.1.1.tgz 1042ms (cache miss)
2059 http fetch GET 200 https://registry.npmjs.org/once/-/once-1.4.0.tgz 1030ms (cache miss)
2060 http fetch GET 200 https://registry.npmjs.org/isarray/-/isarray-2.0.5.tgz 1034ms (cache miss)
2061 http fetch GET 200 https://registry.npmjs.org/is-core-module/-/is-core-module-2.16.2.tgz 1053ms (cache miss)
2062 http fetch GET 200 https://registry.npmjs.org/loose-envify/-/loose-envify-1.4.0.tgz 1048ms (cache miss)
2063 http fetch GET 200 https://registry.npmjs.org/queue-microtask/-/queue-microtask-1.2.3.tgz 1061ms (cache miss)
2064 http fetch GET 200 https://registry.npmjs.org/supports-preserve-symlinks-flag/-/supports-preserve-symlinks-flag-1.0.0.tgz 1058ms (cache miss)
2065 http fetch GET 200 https://registry.npmjs.org/inherits/-/inherits-2.0.4.tgz 1093ms (cache miss)
2066 http fetch GET 200 https://registry.npmjs.org/yocto-queue/-/yocto-queue-0.1.0.tgz 1085ms (cache miss)
2067 http fetch GET 200 https://registry.npmjs.org/has-bigints/-/has-bigints-1.1.0.tgz 1109ms (cache miss)
2068 http fetch GET 200 https://registry.npmjs.org/side-channel-map/-/side-channel-map-1.0.1.tgz 1102ms (cache miss)
2069 http fetch GET 200 https://registry.npmjs.org/callsites/-/callsites-3.1.0.tgz 1088ms (cache miss)
2070 http fetch GET 200 https://registry.npmjs.org/word-wrap/-/word-wrap-1.2.5.tgz 1087ms (cache miss)
2071 http fetch GET 200 https://registry.npmjs.org/concat-map/-/concat-map-0.0.1.tgz 1085ms (cache miss)
2072 http fetch GET 200 https://registry.npmjs.org/is-async-function/-/is-async-function-2.1.1.tgz 1152ms (cache miss)
2073 http fetch GET 200 https://registry.npmjs.org/inflight/-/inflight-1.0.6.tgz 1129ms (cache miss)
2074 warn deprecated inflight@1.0.6: This module is not supported, and leaks memory. Do not use it. Check out lru-cache if you want a good and tested way to coalesce async requests by a key value, which is much more comprehensive and powerful.
2075 http fetch GET 200 https://registry.npmjs.org/p-limit/-/p-limit-3.1.0.tgz 1120ms (cache miss)
2076 http fetch GET 200 https://registry.npmjs.org/object-assign/-/object-assign-4.1.1.tgz 1151ms (cache miss)
2077 http fetch GET 200 https://registry.npmjs.org/is-weakmap/-/is-weakmap-2.0.2.tgz 1188ms (cache miss)
2078 http fetch GET 200 https://registry.npmjs.org/is-finalizationregistry/-/is-finalizationregistry-1.1.1.tgz 1185ms (cache miss)
2079 http fetch GET 200 https://registry.npmjs.org/yallist/-/yallist-3.1.1.tgz 1147ms (cache miss)
2080 http fetch GET 200 https://registry.npmjs.org/resolve-from/-/resolve-from-4.0.0.tgz 1138ms (cache miss)
2081 http fetch GET 200 https://registry.npmjs.org/is-bigint/-/is-bigint-1.1.0.tgz 1211ms (cache miss)
2082 http fetch GET 200 https://registry.npmjs.org/is-map/-/is-map-2.0.3.tgz 1215ms (cache miss)
2083 http fetch GET 200 https://registry.npmjs.org/fast-levenshtein/-/fast-levenshtein-2.0.6.tgz 1178ms (cache miss)
2084 http fetch GET 200 https://registry.npmjs.org/balanced-match/-/balanced-match-1.0.2.tgz 1177ms (cache miss)
2085 http fetch GET 200 https://registry.npmjs.org/is-extglob/-/is-extglob-2.1.1.tgz 1169ms (cache miss)
2086 http fetch GET 200 https://registry.npmjs.org/parent-module/-/parent-module-1.0.1.tgz 1168ms (cache miss)
2087 http fetch GET 200 https://registry.npmjs.org/is-number-object/-/is-number-object-1.1.1.tgz 1249ms (cache miss)
2088 http fetch GET 200 https://registry.npmjs.org/side-channel-weakmap/-/side-channel-weakmap-1.0.2.tgz 1235ms (cache miss)
2089 http fetch GET 200 https://registry.npmjs.org/flatted/-/flatted-3.4.3.tgz 1187ms (cache miss)
2090 http fetch GET 200 https://registry.npmjs.org/has-tostringtag/-/has-tostringtag-1.0.2.tgz 1168ms (cache miss)
2091 http fetch GET 200 https://registry.npmjs.org/react-is/-/react-is-16.13.1.tgz 1241ms (cache miss)
2092 http fetch GET 200 https://registry.npmjs.org/is-boolean-object/-/is-boolean-object-1.2.2.tgz 1273ms (cache miss)
2093 http fetch GET 200 https://registry.npmjs.org/p-locate/-/p-locate-5.0.0.tgz 1233ms (cache miss)
2094 http fetch GET 200 https://registry.npmjs.org/json-buffer/-/json-buffer-3.0.1.tgz 1232ms (cache miss)
2095 http fetch GET 200 https://registry.npmjs.org/path-exists/-/path-exists-4.0.0.tgz 1212ms (cache miss)
2096 http fetch GET 200 https://registry.npmjs.org/set-function-name/-/set-function-name-2.0.2.tgz 1291ms (cache miss)
2097 http fetch GET 200 https://registry.npmjs.org/is-document.all/-/is-document.all-1.0.0.tgz 1288ms (cache miss)
2098 http fetch GET 200 https://registry.npmjs.org/rimraf/-/rimraf-3.0.2.tgz 1286ms (cache miss)
2099 warn deprecated rimraf@3.0.2: Rimraf versions prior to v4 are no longer supported
2100 http fetch GET 200 https://registry.npmjs.org/iterator.prototype/-/iterator.prototype-1.1.5.tgz 1260ms (cache miss)
2101 http fetch GET 200 https://registry.npmjs.org/type-check/-/type-check-0.4.0.tgz 1356ms (cache miss)
2102 http fetch GET 200 https://registry.npmjs.org/locate-path/-/locate-path-6.0.0.tgz 1325ms (cache miss)
2103 http fetch GET 200 https://registry.npmjs.org/flat-cache/-/flat-cache-3.2.0.tgz 1323ms (cache miss)
2104 http fetch GET 200 https://registry.npmjs.org/typed-array-byte-length/-/typed-array-byte-length-1.0.3.tgz 1307ms (cache miss)
2105 http fetch GET 200 https://registry.npmjs.org/which-builtin-type/-/which-builtin-type-1.2.1.tgz 1424ms (cache miss)
2106 http fetch GET 200 https://registry.npmjs.org/typed-array-buffer/-/typed-array-buffer-1.0.3.tgz 1343ms (cache miss)
2107 http fetch GET 200 https://registry.npmjs.org/stop-iteration-iterator/-/stop-iteration-iterator-1.1.0.tgz 1341ms (cache miss)
2108 http fetch GET 200 https://registry.npmjs.org/is-shared-array-buffer/-/is-shared-array-buffer-1.0.4.tgz 1330ms (cache miss)
2109 http fetch GET 200 https://registry.npmjs.org/for-each/-/for-each-0.3.5.tgz 1467ms (cache miss)
2110 http fetch GET 200 https://registry.npmjs.org/keyv/-/keyv-4.5.4.tgz 1419ms (cache miss)
2111 http fetch GET 200 https://registry.npmjs.org/fs.realpath/-/fs.realpath-1.0.0.tgz 1457ms (cache miss)
2112 http fetch GET 200 https://registry.npmjs.org/is-symbol/-/is-symbol-1.1.1.tgz 1402ms (cache miss)
2113 http fetch GET 200 https://registry.npmjs.org/possible-typed-array-names/-/possible-typed-array-names-1.1.0.tgz 1398ms (cache miss)
2114 http fetch GET 200 https://registry.npmjs.org/safe-array-concat/-/safe-array-concat-1.1.4.tgz 1383ms (cache miss)
2115 http fetch GET 200 https://registry.npmjs.org/is-weakref/-/is-weakref-1.1.1.tgz 1375ms (cache miss)
2116 http fetch GET 200 https://registry.npmjs.org/deep-is/-/deep-is-0.1.4.tgz 1472ms (cache miss)
2117 http fetch GET 200 https://registry.npmjs.org/acorn-jsx/-/acorn-jsx-5.3.2.tgz 1436ms (cache miss)
2118 http fetch GET 200 https://registry.npmjs.org/esrecurse/-/esrecurse-4.3.0.tgz 1434ms (cache miss)
2119 http fetch GET 200 https://registry.npmjs.org/typed-array-length/-/typed-array-length-1.0.8.tgz 1423ms (cache miss)
2120 http fetch GET 200 https://registry.npmjs.org/set-proto/-/set-proto-1.0.0.tgz 1417ms (cache miss)
2121 http fetch GET 200 https://registry.npmjs.org/own-keys/-/own-keys-1.0.2.tgz 1410ms (cache miss)
2122 http fetch GET 200 https://registry.npmjs.org/safe-push-apply/-/safe-push-apply-1.0.0.tgz 1416ms (cache miss)
2123 http fetch GET 200 https://registry.npmjs.org/is-array-buffer/-/is-array-buffer-3.0.5.tgz 1403ms (cache miss)
2124 http fetch GET 200 https://registry.npmjs.org/get-proto/-/get-proto-1.0.1.tgz 1394ms (cache miss)
2125 http fetch GET 200 https://registry.npmjs.org/functions-have-names/-/functions-have-names-1.2.3.tgz 1501ms (cache miss)
2126 http fetch GET 200 https://registry.npmjs.org/is-regex/-/is-regex-1.2.1.tgz 1440ms (cache miss)
2127 http fetch GET 200 https://registry.npmjs.org/es-set-tostringtag/-/es-set-tostringtag-2.1.0.tgz 1428ms (cache miss)
2128 http fetch GET 200 https://registry.npmjs.org/data-view-byte-offset/-/data-view-byte-offset-1.0.1.tgz 1427ms (cache miss)
2129 http fetch GET 200 https://registry.npmjs.org/glob/-/glob-7.2.3.tgz 1552ms (cache miss)
2130 warn deprecated glob@7.2.3: Old versions of glob are not supported, and contain widely publicized security vulnerabilities, which have been fixed in the current version. Please update. Support for old versions may be purchased (at exorbitant rates) by contacting i@izs.me
2131 http fetch GET 200 https://registry.npmjs.org/reflect.getprototypeof/-/reflect.getprototypeof-1.0.10.tgz 1567ms (cache miss)
2132 http fetch GET 200 https://registry.npmjs.org/is-generator-function/-/is-generator-function-1.1.2.tgz 1581ms (cache miss)
2133 http fetch GET 200 https://registry.npmjs.org/dunder-proto/-/dunder-proto-1.0.1.tgz 1531ms (cache miss)
2134 http fetch GET 200 https://registry.npmjs.org/reusify/-/reusify-1.1.0.tgz 1502ms (cache miss)
2135 http fetch GET 200 https://registry.npmjs.org/is-set/-/is-set-2.0.3.tgz 1470ms (cache miss)
2136 http fetch GET 200 https://registry.npmjs.org/data-view-byte-length/-/data-view-byte-length-1.0.2.tgz 1454ms (cache miss)
2137 http fetch GET 200 https://registry.npmjs.org/data-view-buffer/-/data-view-buffer-1.0.2.tgz 1443ms (cache miss)
2138 http fetch GET 200 https://registry.npmjs.org/array-buffer-byte-length/-/array-buffer-byte-length-1.0.2.tgz 1442ms (cache miss)
2139 http fetch GET 200 https://registry.npmjs.org/has-property-descriptors/-/has-property-descriptors-1.0.2.tgz 1441ms (cache miss)
2140 http fetch GET 200 https://registry.npmjs.org/es-shim-unscopables/-/es-shim-unscopables-1.1.0.tgz 1438ms (cache miss)
2141 http fetch GET 200 https://registry.npmjs.org/side-channel/-/side-channel-1.1.1.tgz 1565ms (cache miss)
2142 http fetch GET 200 https://registry.npmjs.org/typed-array-byte-offset/-/typed-array-byte-offset-1.0.4.tgz 1519ms (cache miss)
2143 http fetch GET 200 https://registry.npmjs.org/string.prototype.trimstart/-/string.prototype.trimstart-1.0.8.tgz 1517ms (cache miss)
2144 http fetch GET 200 https://registry.npmjs.org/get-symbol-description/-/get-symbol-description-1.1.0.tgz 1489ms (cache miss)
2145 http fetch GET 200 https://registry.npmjs.org/gopd/-/gopd-1.2.0.tgz 1472ms (cache miss)
2146 http fetch GET 200 https://registry.npmjs.org/object-keys/-/object-keys-1.1.1.tgz 1471ms (cache miss)
2147 http fetch GET 200 https://registry.npmjs.org/set-function-length/-/set-function-length-1.2.2.tgz 1470ms (cache miss)
2148 http fetch GET 200 https://registry.npmjs.org/es-define-property/-/es-define-property-1.0.1.tgz 1470ms (cache miss)
2149 http fetch GET 200 https://registry.npmjs.org/prelude-ls/-/prelude-ls-1.2.1.tgz 1590ms (cache miss)
2150 http fetch GET 200 https://registry.npmjs.org/internal-slot/-/internal-slot-1.1.0.tgz 1518ms (cache miss)
2151 http fetch GET 200 https://registry.npmjs.org/define-data-property/-/define-data-property-1.1.4.tgz 1492ms (cache miss)
2152 http fetch GET 200 https://registry.npmjs.org/esbuild/-/esbuild-0.18.20.tgz 1651ms (cache miss)
2153 http fetch GET 200 https://registry.npmjs.org/is-date-object/-/is-date-object-1.1.0.tgz 1579ms (cache miss)
2154 http fetch GET 200 https://registry.npmjs.org/is-data-view/-/is-data-view-1.0.2.tgz 1547ms (cache miss)
2155 http fetch GET 200 https://registry.npmjs.org/has-proto/-/has-proto-1.2.0.tgz 1543ms (cache miss)
2156 http fetch GET 200 https://registry.npmjs.org/estraverse/-/estraverse-5.3.0.tgz 1504ms (cache miss)
2157 http fetch GET 200 https://registry.npmjs.org/is-callable/-/is-callable-1.2.7.tgz 1578ms (cache miss)
2158 http fetch GET 200 https://registry.npmjs.org/arraybuffer.prototype.slice/-/arraybuffer.prototype.slice-1.0.4.tgz 1553ms (cache miss)
2159 http fetch GET 200 https://registry.npmjs.org/function-bind/-/function-bind-1.1.2.tgz 1550ms (cache miss)
2160 http fetch GET 200 https://registry.npmjs.org/get-intrinsic/-/get-intrinsic-1.3.0.tgz 1546ms (cache miss)
2161 http fetch GET 200 https://registry.npmjs.org/is-string/-/is-string-1.1.1.tgz 1547ms (cache miss)
2162 http fetch GET 200 https://registry.npmjs.org/define-properties/-/define-properties-1.2.1.tgz 1545ms (cache miss)
2163 http fetch GET 200 https://registry.npmjs.org/call-bound/-/call-bound-1.0.4.tgz 1545ms (cache miss)
2164 http fetch GET 200 https://registry.npmjs.org/object.fromentries/-/object.fromentries-2.0.8.tgz 1539ms (cache miss)
2165 http fetch GET 200 https://registry.npmjs.org/which/-/which-2.0.2.tgz 1530ms (cache miss)
2166 http fetch GET 200 https://registry.npmjs.org/path-key/-/path-key-3.1.1.tgz 1529ms (cache miss)
2167 http fetch GET 200 https://registry.npmjs.org/color-name/-/color-name-1.1.4.tgz 1530ms (cache miss)
2168 http fetch GET 200 https://registry.npmjs.org/supports-color/-/supports-color-7.2.0.tgz 1529ms (cache miss)
2169 http fetch GET 200 https://registry.npmjs.org/array.prototype.flat/-/array.prototype.flat-1.3.3.tgz 1735ms (cache miss)
2170 http fetch GET 200 https://registry.npmjs.org/unbox-primitive/-/unbox-primitive-1.1.0.tgz 1688ms (cache miss)
2171 http fetch GET 200 https://registry.npmjs.org/call-bind/-/call-bind-1.0.9.tgz 1631ms (cache miss)
2172 http fetch GET 200 https://registry.npmjs.org/ansi-styles/-/ansi-styles-4.3.0.tgz 1614ms (cache miss)
2173 http fetch GET 200 https://registry.npmjs.org/json-schema-traverse/-/json-schema-traverse-0.4.1.tgz 1613ms (cache miss)
2174 http fetch GET 200 https://registry.npmjs.org/run-parallel/-/run-parallel-1.2.0.tgz 1612ms (cache miss)
2175 http fetch GET 200 https://registry.npmjs.org/strip-json-comments/-/strip-json-comments-3.1.1.tgz 1611ms (cache miss)
2176 http fetch GET 200 https://registry.npmjs.org/safe-regex-test/-/safe-regex-test-1.1.0.tgz 1700ms (cache miss)
2177 http fetch GET 200 https://registry.npmjs.org/globalthis/-/globalthis-1.0.4.tgz 1679ms (cache miss)
2178 http fetch GET 200 https://registry.npmjs.org/hasown/-/hasown-2.0.4.tgz 1643ms (cache miss)
2179 http fetch GET 200 https://registry.npmjs.org/shebang-command/-/shebang-command-2.0.0.tgz 1637ms (cache miss)
2180 http fetch GET 200 https://registry.npmjs.org/color-convert/-/color-convert-2.0.1.tgz 1636ms (cache miss)
2181 http fetch GET 200 https://registry.npmjs.org/strip-ansi/-/strip-ansi-6.0.1.tgz 1628ms (cache miss)
2182 http fetch GET 200 https://registry.npmjs.org/import-fresh/-/import-fresh-3.3.1.tgz 1631ms (cache miss)
2183 http fetch GET 200 https://registry.npmjs.org/available-typed-arrays/-/available-typed-arrays-1.0.7.tgz 1677ms (cache miss)
2184 http fetch GET 200 https://registry.npmjs.org/es-object-atoms/-/es-object-atoms-1.1.2.tgz 1670ms (cache miss)
2185 http fetch GET 200 https://registry.npmjs.org/string.prototype.repeat/-/string.prototype.repeat-1.0.0.tgz 1667ms (cache miss)
2186 http fetch GET 200 https://registry.npmjs.org/ignore/-/ignore-5.3.2.tgz 1634ms (cache miss)
2187 http fetch GET 200 https://registry.npmjs.org/lodash.merge/-/lodash.merge-4.6.2.tgz 1640ms (cache miss)
2188 http fetch GET 200 https://registry.npmjs.org/json-stable-stringify-without-jsonify/-/json-stable-stringify-without-jsonify-1.0.1.tgz 1639ms (cache miss)
2189 http fetch GET 200 https://registry.npmjs.org/is-path-inside/-/is-path-inside-3.0.3.tgz 1639ms (cache miss)
2190 http fetch GET 200 https://registry.npmjs.org/has-symbols/-/has-symbols-1.1.0.tgz 1716ms (cache miss)
2191 http fetch GET 200 https://registry.npmjs.org/natural-compare/-/natural-compare-1.4.0.tgz 1656ms (cache miss)
2192 http fetch GET 200 https://registry.npmjs.org/levn/-/levn-0.4.1.tgz 1656ms (cache miss)
2193 http fetch GET 200 https://registry.npmjs.org/file-entry-cache/-/file-entry-cache-6.0.1.tgz 1648ms (cache miss)
2194 http fetch GET 200 https://registry.npmjs.org/array.prototype.tosorted/-/array.prototype.tosorted-1.1.4.tgz 1686ms (cache miss)
2195 http fetch GET 200 https://registry.npmjs.org/@humanwhocodes/object-schema/-/object-schema-2.0.3.tgz 1675ms (cache miss)
2196 warn deprecated @humanwhocodes/object-schema@2.0.3: Use @eslint/object-schema instead
2197 http fetch GET 200 https://registry.npmjs.org/optionator/-/optionator-0.9.4.tgz 1671ms (cache miss)
2198 http fetch GET 200 https://registry.npmjs.org/glob-parent/-/glob-parent-6.0.2.tgz 1661ms (cache miss)
2199 http fetch GET 200 https://registry.npmjs.org/eslint-visitor-keys/-/eslint-visitor-keys-3.4.3.tgz 1659ms (cache miss)
2200 http fetch GET 200 https://registry.npmjs.org/es-abstract-get/-/es-abstract-get-1.0.0.tgz 1788ms (cache miss)
2201 http fetch GET 200 https://registry.npmjs.org/is-typed-array/-/is-typed-array-1.1.15.tgz 1761ms (cache miss)
2202 http fetch GET 200 https://registry.npmjs.org/object.values/-/object.values-1.2.1.tgz 1726ms (cache miss)
2203 http fetch GET 200 https://registry.npmjs.org/array.prototype.flatmap/-/array.prototype.flatmap-1.3.3.tgz 1716ms (cache miss)
2204 http fetch GET 200 https://registry.npmjs.org/text-table/-/text-table-0.2.0.tgz 1706ms (cache miss)
2205 http fetch GET 200 https://registry.npmjs.org/is-glob/-/is-glob-4.0.3.tgz 1698ms (cache miss)
2206 http fetch GET 200 https://registry.npmjs.org/brace-expansion/-/brace-expansion-1.1.16.tgz 1846ms (cache miss)
2207 http fetch GET 200 https://registry.npmjs.org/find-up/-/find-up-5.0.0.tgz 1695ms (cache miss)
2208 http fetch GET 200 https://registry.npmjs.org/call-bind-apply-helpers/-/call-bind-apply-helpers-1.0.2.tgz 1747ms (cache miss)
2209 http fetch GET 200 https://registry.npmjs.org/imurmurhash/-/imurmurhash-0.1.4.tgz 1708ms (cache miss)
2210 http fetch GET 200 https://registry.npmjs.org/fast-deep-equal/-/fast-deep-equal-3.1.3.tgz 1704ms (cache miss)
2211 http fetch GET 200 https://registry.npmjs.org/escape-string-regexp/-/escape-string-regexp-4.0.0.tgz 1701ms (cache miss)
2212 http fetch GET 200 https://registry.npmjs.org/@humanwhocodes/module-importer/-/module-importer-1.0.1.tgz 1696ms (cache miss)
2213 http fetch GET 200 https://registry.npmjs.org/ms/-/ms-2.1.3.tgz 1692ms (cache miss)
2214 http fetch GET 200 https://registry.npmjs.org/update-browserslist-db/-/update-browserslist-db-1.2.3.tgz 1692ms (cache miss)
2215 http fetch GET 200 https://registry.npmjs.org/node-releases/-/node-releases-2.0.51.tgz 1692ms (cache miss)
2216 http fetch GET 200 https://registry.npmjs.org/es-to-primitive/-/es-to-primitive-1.3.4.tgz 1774ms (cache miss)
2217 http fetch GET 200 https://registry.npmjs.org/es-errors/-/es-errors-1.3.0.tgz 1754ms (cache miss)
2218 http fetch GET 200 https://registry.npmjs.org/string.prototype.matchall/-/string.prototype.matchall-4.0.12.tgz 1749ms (cache miss)
2219 http fetch GET 200 https://registry.npmjs.org/array.prototype.findlast/-/array.prototype.findlast-1.2.5.tgz 1736ms (cache miss)
2220 http fetch GET 200 https://registry.npmjs.org/array-includes/-/array-includes-3.1.9.tgz 1736ms (cache miss)
2221 http fetch GET 200 https://registry.npmjs.org/fastq/-/fastq-1.20.1.tgz 1729ms (cache miss)
2222 http fetch GET 200 https://registry.npmjs.org/minimatch/-/minimatch-3.1.5.tgz 1722ms (cache miss)
2223 http fetch GET 200 https://registry.npmjs.org/globals/-/globals-13.24.0.tgz 1715ms (cache miss)
2224 http fetch GET 200 https://registry.npmjs.org/esutils/-/esutils-2.0.3.tgz 1712ms (cache miss)
2225 http fetch GET 200 https://registry.npmjs.org/@eslint/js/-/js-8.57.1.tgz 1704ms (cache miss)
2226 http fetch GET 200 https://registry.npmjs.org/@types/babel__generator/-/babel__generator-7.27.0.tgz 1696ms (cache miss)
2227 http fetch GET 200 https://registry.npmjs.org/string.prototype.trimend/-/string.prototype.trimend-1.0.10.tgz 1811ms (cache miss)
2228 http fetch GET 200 https://registry.npmjs.org/scheduler/-/scheduler-0.23.2.tgz 1877ms (cache miss)
2229 http fetch GET 200 https://registry.npmjs.org/is-negative-zero/-/is-negative-zero-2.0.3.tgz 1795ms (cache miss)
2230 http fetch GET 200 https://registry.npmjs.org/object.entries/-/object.entries-1.1.9.tgz 1750ms (cache miss)
2231 http fetch GET 200 https://registry.npmjs.org/cross-spawn/-/cross-spawn-7.0.6.tgz 1716ms (cache miss)
2232 http fetch GET 200 https://registry.npmjs.org/@babel/helper-string-parser/-/helper-string-parser-7.29.7.tgz 1700ms (cache miss)
2233 http fetch GET 200 https://registry.npmjs.org/@babel/helper-globals/-/helper-globals-7.29.7.tgz 1700ms (cache miss)
2234 http fetch GET 200 https://registry.npmjs.org/@babel/helper-plugin-utils/-/helper-plugin-utils-7.29.7.tgz 1700ms (cache miss)
2235 http fetch GET 200 https://registry.npmjs.org/@babel/compat-data/-/compat-data-7.29.7.tgz 1697ms (cache miss)
2236 http fetch GET 200 https://registry.npmjs.org/jsesc/-/jsesc-3.1.0.tgz 1697ms (cache miss)
2237 http fetch GET 200 https://registry.npmjs.org/@babel/helper-validator-option/-/helper-validator-option-7.29.7.tgz 1698ms (cache miss)
2238 http fetch GET 200 https://registry.npmjs.org/regexp.prototype.flags/-/regexp.prototype.flags-1.5.4.tgz 1813ms (cache miss)
2239 http fetch GET 200 https://registry.npmjs.org/chalk/-/chalk-4.1.2.tgz 1722ms (cache miss)
2240 http fetch GET 200 https://registry.npmjs.org/@types/babel__template/-/babel__template-7.4.4.tgz 1709ms (cache miss)
2241 http fetch GET 200 https://registry.npmjs.org/js-tokens/-/js-tokens-4.0.0.tgz 1699ms (cache miss)
2242 http fetch GET 200 https://registry.npmjs.org/picocolors/-/picocolors-1.1.1.tgz 1702ms (cache miss)
2243 http fetch GET 200 https://registry.npmjs.org/node-exports-info/-/node-exports-info-1.6.2.tgz 1895ms (cache miss)
2244 http fetch GET 200 https://registry.npmjs.org/which-typed-array/-/which-typed-array-1.1.22.tgz 1832ms (cache miss)
2245 http fetch GET 200 https://registry.npmjs.org/fast-json-stable-stringify/-/fast-json-stable-stringify-2.1.0.tgz 1752ms (cache miss)
2246 http fetch GET 200 https://registry.npmjs.org/lru-cache/-/lru-cache-5.1.1.tgz 1712ms (cache miss)
2247 http fetch GET 200 https://registry.npmjs.org/debug/-/debug-4.4.3.tgz 1703ms (cache miss)
2248 http fetch GET 200 https://registry.npmjs.org/@jridgewell/resolve-uri/-/resolve-uri-3.1.2.tgz 1721ms (cache miss)
2249 http fetch GET 200 https://registry.npmjs.org/browserslist/-/browserslist-4.28.7.tgz 1718ms (cache miss)
2250 http fetch GET 200 https://registry.npmjs.org/gensync/-/gensync-1.0.0-beta.2.tgz 1711ms (cache miss)
2251 http fetch GET 200 https://registry.npmjs.org/prop-types/-/prop-types-15.8.1.tgz 1790ms (cache miss)
2252 http fetch GET 200 https://registry.npmjs.org/@nodelib/fs.stat/-/fs.stat-2.0.5.tgz 1772ms (cache miss)
2253 http fetch GET 200 https://registry.npmjs.org/espree/-/espree-9.6.1.tgz 1753ms (cache miss)
2254 http fetch GET 200 https://registry.npmjs.org/@humanwhocodes/config-array/-/config-array-0.13.0.tgz 1745ms (cache miss)
2255 warn deprecated @humanwhocodes/config-array@0.13.0: Use @eslint/config-array instead
2256 http fetch GET 200 https://registry.npmjs.org/@babel/helper-module-imports/-/helper-module-imports-7.29.7.tgz 1734ms (cache miss)
2257 http fetch GET 200 https://registry.npmjs.org/convert-source-map/-/convert-source-map-2.0.0.tgz 1725ms (cache miss)
2258 http fetch GET 200 https://registry.npmjs.org/@types/babel__traverse/-/babel__traverse-7.28.0.tgz 1740ms (cache miss)
2259 http fetch GET 200 https://registry.npmjs.org/argparse/-/argparse-2.0.1.tgz 1908ms (cache miss)
2260 http fetch GET 200 https://registry.npmjs.org/string.prototype.trim/-/string.prototype.trim-1.2.11.tgz 1855ms (cache miss)
2261 http fetch GET 200 https://registry.npmjs.org/object.assign/-/object.assign-4.1.7.tgz 1845ms (cache miss)
2262 http fetch GET 200 https://registry.npmjs.org/function.prototype.name/-/function.prototype.name-1.2.0.tgz 1827ms (cache miss)
2263 http fetch GET 200 https://registry.npmjs.org/@babel/plugin-transform-react-jsx-self/-/plugin-transform-react-jsx-self-7.29.7.tgz 1720ms (cache miss)
2264 http fetch GET 200 https://registry.npmjs.org/@types/prop-types/-/prop-types-15.7.15.tgz 1719ms (cache miss)
2265 http fetch GET 200 https://registry.npmjs.org/@rolldown/pluginutils/-/pluginutils-1.0.0-beta.27.tgz 1721ms (cache miss)
2266 http fetch GET 200 https://registry.npmjs.org/@babel/code-frame/-/code-frame-7.29.7.tgz 1728ms (cache miss)
2267 http fetch GET 200 https://registry.npmjs.org/@types/babel__core/-/babel__core-7.20.5.tgz 1727ms (cache miss)
2268 http fetch GET 200 https://registry.npmjs.org/@babel/plugin-transform-react-jsx-source/-/plugin-transform-react-jsx-source-7.29.7.tgz 1726ms (cache miss)
2269 http fetch GET 200 https://registry.npmjs.org/eslint-plugin-react-hooks/-/eslint-plugin-react-hooks-4.6.2.tgz 1723ms (cache miss)
2270 http fetch GET 200 https://registry.npmjs.org/@ungap/structured-clone/-/structured-clone-1.3.3.tgz 1770ms (cache miss)
2271 http fetch GET 200 https://registry.npmjs.org/doctrine/-/doctrine-3.0.0.tgz 1776ms (cache miss)
2272 http fetch GET 200 https://registry.npmjs.org/baseline-browser-mapping/-/baseline-browser-mapping-2.11.5.tgz 1765ms (cache miss)
2273 http fetch GET 200 https://registry.npmjs.org/@babel/helper-validator-identifier/-/helper-validator-identifier-7.29.7.tgz 1751ms (cache miss)
2274 http fetch GET 200 https://registry.npmjs.org/react-refresh/-/react-refresh-0.17.0.tgz 1738ms (cache miss)
2275 http fetch GET 200 https://registry.npmjs.org/brace-expansion 1550ms (cache miss)
2276 silly packumentCache corgi:https://registry.npmjs.org/brace-expansion set size:undefined disposed:false
2277 http fetch GET 200 https://registry.npmjs.org/@types/react-dom/-/react-dom-18.3.7.tgz 1729ms (cache miss)
2278 http fetch GET 200 https://registry.npmjs.org/@nodelib/fs.scandir/-/fs.scandir-2.1.5.tgz 1806ms (cache miss)
2279 http fetch GET 200 https://registry.npmjs.org/semver/-/semver-6.3.1.tgz 1763ms (cache miss)
2280 http fetch GET 200 https://registry.npmjs.org/doctrine/-/doctrine-2.1.0.tgz 1737ms (cache miss)
2281 http fetch GET 200 https://registry.npmjs.org/@vitejs/plugin-react/-/plugin-react-4.7.0.tgz 1739ms (cache miss)
2282 http fetch GET 200 https://registry.npmjs.org/source-map-js/-/source-map-js-1.2.1.tgz 1985ms (cache miss)
2283 http fetch GET 200 https://registry.npmjs.org/electron-to-chromium/-/electron-to-chromium-1.5.396.tgz 1788ms (cache miss)
2284 http fetch GET 200 https://registry.npmjs.org/math-intrinsics/-/math-intrinsics-1.1.0.tgz 1851ms (cache miss)
2285 http fetch GET 200 https://registry.npmjs.org/@babel/helper-compilation-targets/-/helper-compilation-targets-7.29.7.tgz 1768ms (cache miss)
2286 http fetch GET 200 https://registry.npmjs.org/eslint-scope/-/eslint-scope-7.2.2.tgz 1824ms (cache miss)
2287 http fetch GET 200 https://registry.npmjs.org/@babel/template/-/template-7.29.7.tgz 1792ms (cache miss)
2288 http fetch GET 200 https://registry.npmjs.org/type-fest/-/type-fest-0.20.2.tgz 1973ms (cache miss)
2289 http fetch GET 200 https://registry.npmjs.org/@babel/helper-module-transforms/-/helper-module-transforms-7.29.7.tgz 1792ms (cache miss)
2290 http fetch GET 200 https://registry.npmjs.org/@nodelib/fs.walk/-/fs.walk-1.2.8.tgz 1826ms (cache miss)
2291 http fetch GET 200 https://registry.npmjs.org/@jridgewell/sourcemap-codec/-/sourcemap-codec-1.5.5.tgz 1831ms (cache miss)
2292 http fetch GET 200 https://registry.npmjs.org/json5/-/json5-2.2.3.tgz 1827ms (cache miss)
2293 http fetch GET 200 https://registry.npmjs.org/@jridgewell/gen-mapping/-/gen-mapping-0.3.13.tgz 1841ms (cache miss)
2294 http fetch GET 200 https://registry.npmjs.org/@eslint-community/regexpp/-/regexpp-4.12.2.tgz 1860ms (cache miss)
2295 http fetch GET 200 https://registry.npmjs.org/postcss/-/postcss-8.5.23.tgz 2055ms (cache miss)
2296 http fetch GET 200 https://registry.npmjs.org/@jridgewell/remapping/-/remapping-2.3.5.tgz 1844ms (cache miss)
2297 http fetch GET 200 https://registry.npmjs.org/object-inspect/-/object-inspect-1.13.4.tgz 1966ms (cache miss)
2298 http fetch GET 200 https://registry.npmjs.org/@types/react/-/react-18.3.31.tgz 1835ms (cache miss)
2299 http fetch GET 200 https://registry.npmjs.org/react/-/react-18.3.1.tgz 1851ms (cache miss)
2300 http fetch GET 200 https://registry.npmjs.org/acorn/-/acorn-8.17.0.tgz 2020ms (cache miss)
2301 http fetch GET 200 https://registry.npmjs.org/@eslint-community/eslint-utils/-/eslint-utils-4.10.1.tgz 1899ms (cache miss)
2302 http fetch GET 200 https://registry.npmjs.org/graphemer/-/graphemer-1.4.0.tgz 1950ms (cache miss)
2303 http fetch GET 200 https://registry.npmjs.org/@jridgewell/trace-mapping/-/trace-mapping-0.3.31.tgz 1933ms (cache miss)
2304 http fetch GET 200 https://registry.npmjs.org/esbuild 1740ms (cache miss)
2305 silly packumentCache corgi:https://registry.npmjs.org/esbuild set size:undefined disposed:false
2306 http fetch GET 200 https://registry.npmjs.org/esquery/-/esquery-1.7.0.tgz 2006ms (cache miss)
2307 http fetch GET 200 https://registry.npmjs.org/csstype/-/csstype-3.2.3.tgz 1968ms (cache miss)
2308 http fetch GET 200 https://registry.npmjs.org/uri-js/-/uri-js-4.4.1.tgz 2037ms (cache miss)
2309 http fetch GET 200 https://registry.npmjs.org/@eslint/eslintrc/-/eslintrc-2.1.4.tgz 2008ms (cache miss)
2310 http fetch GET 200 https://registry.npmjs.org/@babel/generator/-/generator-7.29.7.tgz 1989ms (cache miss)
2311 http fetch GET 200 https://registry.npmjs.org/js-yaml/-/js-yaml-4.3.0.tgz 2045ms (cache miss)
2312 http fetch GET 200 https://registry.npmjs.org/jsx-ast-utils/-/jsx-ast-utils-3.3.5.tgz 2105ms (cache miss)
2313 http fetch GET 200 https://registry.npmjs.org/@babel/traverse/-/traverse-7.29.7.tgz 2062ms (cache miss)
2314 http fetch GET 200 https://registry.npmjs.org/@babel/parser/-/parser-7.29.7.tgz 2075ms (cache miss)
2315 http fetch GET 200 https://registry.npmjs.org/rollup/-/rollup-3.30.0.tgz 2305ms (cache miss)
2316 http fetch GET 200 https://registry.npmjs.org/vite 1906ms (cache miss)
2317 silly packumentCache corgi:https://registry.npmjs.org/vite set size:undefined disposed:false
2318 http fetch GET 200 https://registry.npmjs.org/ajv/-/ajv-6.15.0.tgz 2253ms (cache miss)
2319 silly packumentCache corgi:https://registry.npmjs.org/@vitejs%2fplugin-react cache-miss
2320 http fetch GET 200 https://registry.npmjs.org/es-iterator-helpers/-/es-iterator-helpers-1.4.0.tgz 2398ms (cache miss)
2321 http fetch GET 200 https://registry.npmjs.org/resolve/-/resolve-2.0.0-next.7.tgz 2423ms (cache miss)
2322 http fetch GET 200 https://registry.npmjs.org/@vitejs%2fplugin-react 105ms (cache miss)
2323 silly packumentCache corgi:https://registry.npmjs.org/@vitejs%2fplugin-react set size:undefined disposed:false
2324 http fetch GET 200 https://registry.npmjs.org/@babel/core/-/core-7.29.7.tgz 2396ms (cache miss)
2325 silly packumentCache corgi:https://registry.npmjs.org/minimatch cache-miss
2326 http fetch GET 200 https://registry.npmjs.org/vite/-/vite-4.5.14.tgz 2420ms (cache miss)
2327 http fetch GET 200 https://registry.npmjs.org/@babel/helpers/-/helpers-7.29.7.tgz 2474ms (cache miss)
2328 http fetch GET 200 https://registry.npmjs.org/minimatch 70ms (cache miss)
2329 silly packumentCache corgi:https://registry.npmjs.org/minimatch set size:undefined disposed:false
2330 http fetch GET 200 https://registry.npmjs.org/react-dom/-/react-dom-18.3.1.tgz 2490ms (cache miss)
2331 silly packumentCache corgi:https://registry.npmjs.org/eslint cache-miss
2332 silly packumentCache corgi:https://registry.npmjs.org/eslint-plugin-react cache-miss
2333 silly packumentCache corgi:https://registry.npmjs.org/@eslint%2feslintrc cache-miss
2334 silly packumentCache corgi:https://registry.npmjs.org/@humanwhocodes%2fconfig-array cache-miss
2335 silly packumentCache corgi:https://registry.npmjs.org/glob cache-miss
2336 http fetch GET 200 https://registry.npmjs.org/@babel/types/-/types-7.29.7.tgz 2655ms (cache miss)
2337 http fetch GET 200 https://registry.npmjs.org/@humanwhocodes%2fconfig-array 74ms (cache miss)
2338 silly packumentCache corgi:https://registry.npmjs.org/@humanwhocodes%2fconfig-array set size:undefined disposed:false
2339 http fetch GET 200 https://registry.npmjs.org/@eslint%2feslintrc 81ms (cache miss)
2340 silly packumentCache corgi:https://registry.npmjs.org/@eslint%2feslintrc set size:undefined disposed:false
2341 http fetch GET 200 https://registry.npmjs.org/glob 89ms (cache miss)
2342 silly packumentCache corgi:https://registry.npmjs.org/glob set size:undefined disposed:false
2343 http fetch GET 200 https://registry.npmjs.org/eslint-plugin-react 105ms (cache miss)
2344 silly packumentCache corgi:https://registry.npmjs.org/eslint-plugin-react set size:undefined disposed:false
2345 http fetch GET 200 https://registry.npmjs.org/eslint-plugin-react/-/eslint-plugin-react-7.37.5.tgz 2714ms (cache miss)
2346 http fetch GET 200 https://registry.npmjs.org/eslint 151ms (cache miss)
2347 silly packumentCache corgi:https://registry.npmjs.org/eslint set size:undefined disposed:false
2348 silly packumentCache corgi:https://registry.npmjs.org/rimraf cache-miss
2349 http fetch GET 200 https://registry.npmjs.org/rimraf 75ms (cache miss)
2350 silly packumentCache corgi:https://registry.npmjs.org/rimraf set size:undefined disposed:false
2351 http fetch GET 200 https://registry.npmjs.org/@esbuild/linux-x64/-/linux-x64-0.18.20.tgz 3169ms (cache miss)
2352 silly packumentCache corgi:https://registry.npmjs.org/eslint-plugin-react-hooks cache-miss
2353 silly packumentCache corgi:https://registry.npmjs.org/@eslint-community%2feslint-utils cache-miss
2354 http fetch GET 200 https://registry.npmjs.org/eslint/-/eslint-8.57.1.tgz 3017ms (cache miss)
2355 warn deprecated eslint@8.57.1: This version is no longer supported. Please see https://eslint.org/version-support for other options.
2356 http fetch GET 200 https://registry.npmjs.org/@eslint-community%2feslint-utils 89ms (cache miss)
2357 silly packumentCache corgi:https://registry.npmjs.org/@eslint-community%2feslint-utils set size:undefined disposed:false
2358 http fetch GET 200 https://registry.npmjs.org/caniuse-lite/-/caniuse-lite-1.0.30001806.tgz 3203ms (cache miss)
2359 http fetch GET 200 https://registry.npmjs.org/eslint-plugin-react-hooks 224ms (cache miss)
2360 silly packumentCache corgi:https://registry.npmjs.org/eslint-plugin-react-hooks set size:undefined disposed:false
2361 silly packumentCache corgi:https://registry.npmjs.org/flat-cache cache-miss
2362 http fetch GET 200 https://registry.npmjs.org/flat-cache 37ms (cache miss)
2363 silly packumentCache corgi:https://registry.npmjs.org/flat-cache set size:undefined disposed:false
2364 silly packumentCache corgi:https://registry.npmjs.org/file-entry-cache cache-miss
2365 http fetch GET 200 https://registry.npmjs.org/file-entry-cache 34ms (cache miss)
2366 silly packumentCache corgi:https://registry.npmjs.org/file-entry-cache set size:undefined disposed:false
2367 http fetch GET 200 https://registry.npmjs.org/es-abstract/-/es-abstract-1.24.2.tgz 3730ms (cache miss)
2368 http fetch GET 200 https://registry.npmjs.org/lucide-react/-/lucide-react-0.263.1.tgz 3853ms (cache miss)
2369 info run esbuild@0.18.20 postinstall node_modules/esbuild node install.js
2370 info run esbuild@0.18.20 postinstall { code: 0, signal: null }
2371 silly ADD node_modules/is-weakset
2372 silly ADD node_modules/is-weakmap
2373 silly ADD node_modules/is-map
2374 silly ADD node_modules/generator-function
2375 silly ADD node_modules/async-function
2376 silly ADD node_modules/which-collection
2377 silly ADD node_modules/is-generator-function
2378 silly ADD node_modules/is-finalizationregistry
2379 silly ADD node_modules/is-async-function
2380 silly ADD node_modules/is-number-object
2381 silly ADD node_modules/is-boolean-object
2382 silly ADD node_modules/is-bigint
2383 silly ADD node_modules/isexe
2384 silly ADD node_modules/source-map-js
2385 silly ADD node_modules/nanoid
2386 silly ADD
2387 silly ADD
2388 silly ADD
2389 silly ADD
2390 silly ADD
2391 silly ADD
2392 silly ADD node_modules/@esbuild/linux-x64
2393 silly ADD
2394 silly ADD
2395 silly ADD
2396 silly ADD
2397 silly ADD
2398 silly ADD
2399 silly ADD
2400 silly ADD
2401 silly ADD
2402 silly ADD
2403 silly ADD
2404 silly ADD
2405 silly ADD
2406 silly ADD
2407 silly ADD
2408 silly ADD node_modules/rollup
2409 silly ADD node_modules/postcss
2410 silly ADD
2411 silly ADD node_modules/esbuild
2412 silly ADD node_modules/punycode
2413 silly ADD node_modules/escalade
2414 silly ADD node_modules/which-boxed-primitive
2415 silly ADD node_modules/has-bigints
2416 silly ADD node_modules/which-builtin-type
2417 silly ADD node_modules/reflect.getprototypeof
2418 silly ADD node_modules/for-each
2419 silly ADD node_modules/has-flag
2420 silly ADD node_modules/ansi-regex
2421 silly ADD node_modules/side-channel-weakmap
2422 silly ADD node_modules/side-channel-map
2423 silly ADD node_modules/side-channel-list
2424 silly ADD node_modules/shebang-regex
2425 silly ADD node_modules/isarray
2426 silly ADD node_modules/queue-microtask
2427 silly ADD node_modules/wrappy
2428 silly ADD node_modules/path-is-absolute
2429 silly ADD node_modules/once
2430 silly ADD node_modules/inherits
2431 silly ADD node_modules/inflight
2432 silly ADD node_modules/fs.realpath
2433 silly ADD node_modules/glob
2434 silly ADD node_modules/supports-preserve-symlinks-flag
2435 silly ADD node_modules/path-parse
2436 silly ADD node_modules/node-exports-info
2437 silly ADD node_modules/is-core-module
2438 silly ADD node_modules/scheduler
2439 silly ADD node_modules/react-is
2440 silly ADD node_modules/object-assign
2441 silly ADD node_modules/loose-envify
2442 silly ADD node_modules/callsites
2443 silly ADD node_modules/yocto-queue
2444 silly ADD node_modules/p-limit
2445 silly ADD node_modules/word-wrap
2446 silly ADD node_modules/fast-levenshtein
2447 silly ADD node_modules/deep-is
2448 silly ADD node_modules/concat-map
2449 silly ADD node_modules/balanced-match
2450 silly ADD node_modules/brace-expansion
2451 silly ADD node_modules/yallist
2452 silly ADD node_modules/p-locate
2453 silly ADD node_modules/type-check
2454 silly ADD node_modules/prelude-ls
2455 silly ADD node_modules/json-buffer
2456 silly ADD node_modules/array.prototype.flat
2457 silly ADD node_modules/argparse
2458 silly ADD node_modules/set-function-name
2459 silly ADD node_modules/is-extglob
2460 silly ADD node_modules/side-channel
2461 silly ADD node_modules/resolve-from
2462 silly ADD node_modules/parent-module
2463 silly ADD node_modules/type-fest
2464 silly ADD node_modules/dunder-proto
2465 silly ADD node_modules/is-document.all
2466 silly ADD node_modules/functions-have-names
2467 silly ADD node_modules/rimraf
2468 silly ADD node_modules/keyv
2469 silly ADD node_modules/flatted
2470 silly ADD node_modules/path-exists
2471 silly ADD node_modules/locate-path
2472 silly ADD node_modules/flat-cache
2473 silly ADD node_modules/reusify
2474 silly ADD node_modules/acorn-jsx
2475 silly ADD node_modules/acorn
2476 silly ADD node_modules/esrecurse
2477 silly ADD node_modules/is-symbol
2478 silly ADD node_modules/is-date-object
2479 silly ADD node_modules/es-abstract-get
2480 silly ADD node_modules/has-tostringtag
2481 silly ADD node_modules/iterator.prototype
2482 silly ADD node_modules/possible-typed-array-names
2483 silly ADD node_modules/which-typed-array
2484 silly ADD node_modules/unbox-primitive
2485 silly ADD node_modules/typed-array-length
2486 silly ADD node_modules/typed-array-byte-offset
2487 silly ADD node_modules/typed-array-byte-length
2488 silly ADD node_modules/typed-array-buffer
2489 silly ADD node_modules/string.prototype.trimstart
2490 silly ADD node_modules/string.prototype.trimend
2491 silly ADD node_modules/string.prototype.trim
2492 silly ADD node_modules/stop-iteration-iterator
2493 silly ADD node_modules/set-proto
2494 silly ADD node_modules/safe-regex-test
2495 silly ADD node_modules/safe-push-apply
2496 silly ADD node_modules/safe-array-concat
2497 silly ADD node_modules/regexp.prototype.flags
2498 silly ADD node_modules/own-keys
2499 silly ADD node_modules/object.assign
2500 silly ADD node_modules/object-inspect
2501 silly ADD node_modules/is-weakref
2502 silly ADD node_modules/is-typed-array
2503 silly ADD node_modules/is-shared-array-buffer
2504 silly ADD node_modules/is-set
2505 silly ADD node_modules/is-regex
2506 silly ADD node_modules/is-negative-zero
2507 silly ADD node_modules/is-data-view
2508 silly ADD node_modules/is-callable
2509 silly ADD node_modules/is-array-buffer
2510 silly ADD node_modules/internal-slot
2511 silly ADD node_modules/has-symbols
2512 silly ADD node_modules/has-proto
2513 silly ADD node_modules/globalthis
2514 silly ADD node_modules/get-symbol-description
2515 silly ADD node_modules/get-proto
2516 silly ADD node_modules/function.prototype.name
2517 silly ADD node_modules/es-to-primitive
2518 silly ADD node_modules/es-set-tostringtag
2519 silly ADD node_modules/data-view-byte-offset
2520 silly ADD node_modules/data-view-byte-length
2521 silly ADD node_modules/data-view-buffer
2522 silly ADD node_modules/available-typed-arrays
2523 silly ADD node_modules/arraybuffer.prototype.slice
2524 silly ADD node_modules/array-buffer-byte-length
2525 silly ADD node_modules/gopd
2526 silly ADD node_modules/object-keys
2527 silly ADD node_modules/has-property-descriptors
2528 silly ADD node_modules/define-data-property
2529 silly ADD node_modules/function-bind
2530 silly ADD node_modules/set-function-length
2531 silly ADD node_modules/es-define-property
2532 silly ADD node_modules/call-bind-apply-helpers
2533 silly ADD node_modules/es-shim-unscopables
2534 silly ADD node_modules/es-errors
2535 silly ADD node_modules/math-intrinsics
2536 silly ADD node_modules/is-string
2537 silly ADD node_modules/get-intrinsic
2538 silly ADD node_modules/es-object-atoms
2539 silly ADD node_modules/es-abstract
2540 silly ADD node_modules/define-properties
2541 silly ADD node_modules/call-bound
2542 silly ADD node_modules/call-bind
2543 silly ADD node_modules/string.prototype.repeat
2544 silly ADD node_modules/string.prototype.matchall
2545 silly ADD node_modules/resolve
2546 silly ADD node_modules/prop-types
2547 silly ADD node_modules/object.values
2548 silly ADD node_modules/object.fromentries
2549 silly ADD node_modules/object.entries
2550 silly ADD node_modules/jsx-ast-utils
2551 silly ADD node_modules/hasown
2552 silly ADD node_modules/estraverse
2553 silly ADD node_modules/es-iterator-helpers
2554 silly ADD node_modules/array.prototype.tosorted
2555 silly ADD node_modules/array.prototype.flatmap
2556 silly ADD node_modules/array.prototype.findlast
2557 silly ADD node_modules/array-includes
2558 silly ADD node_modules/which
2559 silly ADD node_modules/shebang-command
2560 silly ADD node_modules/path-key
2561 silly ADD node_modules/color-name
2562 silly ADD node_modules/color-convert
2563 silly ADD node_modules/supports-color
2564 silly ADD node_modules/ansi-styles
2565 silly ADD node_modules/uri-js
2566 silly ADD node_modules/json-schema-traverse
2567 silly ADD node_modules/fast-json-stable-stringify
2568 silly ADD node_modules/run-parallel
2569 silly ADD node_modules/@nodelib/fs.stat
2570 silly ADD node_modules/fastq
2571 silly ADD node_modules/@nodelib/fs.scandir
2572 silly ADD node_modules/@humanwhocodes/object-schema
2573 silly ADD node_modules/strip-json-comments
2574 silly ADD node_modules/import-fresh
2575 silly ADD node_modules/text-table
2576 silly ADD node_modules/strip-ansi
2577 silly ADD node_modules/optionator
2578 silly ADD node_modules/natural-compare
2579 silly ADD node_modules/minimatch
2580 silly ADD node_modules/lodash.merge
2581 silly ADD node_modules/levn
2582 silly ADD node_modules/json-stable-stringify-without-jsonify
2583 silly ADD node_modules/js-yaml
2584 silly ADD node_modules/is-path-inside
2585 silly ADD node_modules/is-glob
2586 silly ADD node_modules/imurmurhash
2587 silly ADD node_modules/ignore
2588 silly ADD node_modules/graphemer
2589 silly ADD node_modules/globals
2590 silly ADD node_modules/glob-parent
2591 silly ADD node_modules/find-up
2592 silly ADD node_modules/file-entry-cache
2593 silly ADD node_modules/fast-deep-equal
2594 silly ADD node_modules/esutils
2595 silly ADD node_modules/esquery
2596 silly ADD node_modules/espree
2597 silly ADD node_modules/eslint-visitor-keys
2598 silly ADD node_modules/eslint-scope
2599 silly ADD node_modules/escape-string-regexp
2600 silly ADD node_modules/doctrine
2601 silly ADD node_modules/cross-spawn
2602 silly ADD node_modules/chalk
2603 silly ADD node_modules/ajv
2604 silly ADD node_modules/@ungap/structured-clone
2605 silly ADD node_modules/@nodelib/fs.walk
2606 silly ADD node_modules/@humanwhocodes/module-importer
2607 silly ADD node_modules/@humanwhocodes/config-array
2608 silly ADD node_modules/@eslint/js
2609 silly ADD node_modules/@eslint/eslintrc
2610 silly ADD node_modules/@eslint-community/regexpp
2611 silly ADD node_modules/@eslint-community/eslint-utils
2612 silly ADD node_modules/ms
2613 silly ADD node_modules/update-browserslist-db
2614 silly ADD node_modules/node-releases
2615 silly ADD node_modules/electron-to-chromium
2616 silly ADD node_modules/caniuse-lite
2617 silly ADD node_modules/baseline-browser-mapping
2618 silly ADD node_modules/@types/babel__traverse
2619 silly ADD node_modules/@types/babel__template
2620 silly ADD node_modules/@types/babel__generator
2621 silly ADD node_modules/@jridgewell/resolve-uri
2622 silly ADD node_modules/@jridgewell/sourcemap-codec
2623 silly ADD node_modules/@babel/helper-string-parser
2624 silly ADD node_modules/@babel/helper-globals
2625 silly ADD node_modules/@babel/helper-plugin-utils
2626 silly ADD node_modules/@babel/helper-module-imports
2627 silly ADD node_modules/lru-cache
2628 silly ADD node_modules/browserslist
2629 silly ADD node_modules/@babel/helper-validator-option
2630 silly ADD node_modules/@babel/compat-data
2631 silly ADD node_modules/jsesc
2632 silly ADD node_modules/@jridgewell/trace-mapping
2633 silly ADD node_modules/@jridgewell/gen-mapping
2634 silly ADD node_modules/picocolors
2635 silly ADD node_modules/js-tokens
2636 silly ADD node_modules/@babel/helper-validator-identifier
2637 silly ADD node_modules/semver
2638 silly ADD node_modules/json5
2639 silly ADD node_modules/gensync
2640 silly ADD node_modules/debug
2641 silly ADD node_modules/convert-source-map
2642 silly ADD node_modules/@jridgewell/remapping
2643 silly ADD node_modules/@babel/types
2644 silly ADD node_modules/@babel/traverse
2645 silly ADD node_modules/@babel/template
2646 silly ADD node_modules/@babel/parser
2647 silly ADD node_modules/@babel/helpers
2648 silly ADD node_modules/@babel/helper-module-transforms
2649 silly ADD node_modules/@babel/helper-compilation-targets
2650 silly ADD node_modules/@babel/generator
2651 silly ADD node_modules/@babel/code-frame
2652 silly ADD node_modules/react-refresh
2653 silly ADD node_modules/@types/babel__core
2654 silly ADD node_modules/@rolldown/pluginutils
2655 silly ADD node_modules/@babel/plugin-transform-react-jsx-source
2656 silly ADD node_modules/@babel/plugin-transform-react-jsx-self
2657 silly ADD node_modules/@babel/core
2658 silly ADD node_modules/csstype
2659 silly ADD node_modules/@types/prop-types
2660 silly ADD node_modules/react-dom
2661 silly ADD node_modules/react
2662 silly ADD node_modules/lucide-react
2663 silly ADD node_modules/eslint-plugin-react-hooks
2664 silly ADD node_modules/eslint-plugin-react
2665 silly ADD node_modules/eslint-plugin-react/node_modules/doctrine
2666 silly ADD node_modules/eslint
2667 silly ADD node_modules/vite
2668 silly ADD node_modules/@vitejs/plugin-react
2669 silly ADD node_modules/@types/react-dom
2670 silly ADD node_modules/@types/react
2671 verbose cwd /home/user
2672 verbose os Linux 6.1.158+
2673 verbose node v20.20.2
2674 verbose npm  v10.8.2
2675 notice
2675 notice New major version of npm available! 10.8.2 -> 12.0.1
2675 notice Changelog: https://github.com/npm/cli/releases/tag/v12.0.1
2675 notice To update run: npm install -g npm@12.0.1
2675 notice  { force: true, [Symbol(proc-log.meta)]: true }
2676 verbose exit 0
2677 info ok
